,date,id,tweet,location
0,2020-10-08 03:30:44,1314045535897161730,"newest item on Joe Biden‚Äôs website: Truth over flies fly swatter

#vpdebate https://t.co/hSk6T7cRmN",DMV
1,2020-10-08 03:30:44,1314045535448260609,Tupac sent the fly. #VPDebate,"San Diego, CA"
2,2020-10-08 03:30:43,1314045531879026689,"The old white dude called Pence ""polished"". üôÑ #VPDebate",New York City
3,2020-10-08 03:30:42,1314045526816567296,@johnkartch @seanmdav UPDATE: The family of Ruth Bader Ginsberg announced her other dying wish was that Vice Presid‚Ä¶ https://t.co/xIHPCO4rO8,
4,2020-10-08 03:30:41,1314045523154939906,Entomology matters. #VPDebate https://t.co/Oj7oEVJ2zJ,
5,2020-10-08 03:30:40,1314045522144104448,@thehill I encourage everyone to donate at least $5 to an abortion fund tonight in honor of the five abortion menti‚Ä¶ https://t.co/VzlE2PZdNZ,"St Louis, MO"
6,2020-10-08 03:30:40,1314045521296752640,"Rick Santorum knows Pence smoked Kamala. 

Cnn is pissed about #VPDebates2020 #vpdebate",
7,2020-10-08 03:30:40,1314045521120702464,"Only a white man would find #Pence‚Äôs #VPDebate performance ‚Äúlikeable.‚Äù But besides that fact, I think this is one o‚Ä¶ https://t.co/Red41aVRSX",New York City
8,2020-10-08 03:30:40,1314045520705277955,"Updated numbers: Of the 23 statements of #Pence that prompted @nytimes to fact-check, 8 are misleading, 1 lacks evi‚Ä¶ https://t.co/D0RuaKiTJD","Santa Cruz, CA"
9,2020-10-08 03:30:40,1314045520529240065,"@atrupar A fuck ton of nobody's have already voted before the #VPDebate 
Let me know when you wake up from 1952 and‚Ä¶ https://t.co/aGSythPfqQ","Clearwater, FL"
10,2020-10-08 03:30:39,1314045515550449664,"Harris says Biden decided to run against Trump, after witnessing the racism, hatred and division on display in Char‚Ä¶ https://t.co/fsCje1QWeq",Philippines
11,2020-10-08 03:30:39,1314045515160596480,She whiffed on a couple of easy chip shots. But I have every confidence she was coached to do so so as not to appea‚Ä¶ https://t.co/eBxj3lFOOF,"St Louis, MO"
12,2020-10-08 03:30:39,1314045514741026816,@KamalaHarris stop lying  #vpdebate https://t.co/aWbpCaTRBC,"Compton, CA"
13,2020-10-08 03:30:39,1314045514317475840,Let‚Äôs not get so distracted by flies and red eyes that we don‚Äôt focus on the actual debate. Pence‚Äôs response for fa‚Ä¶ https://t.co/OWcGWApdRu,New York to DMV
14,2020-10-08 03:30:38,1314045513734385664,I don‚Äôt understand how anyone can be ‚Äúundecided‚Äù at this point. #VPDebate,
15,2020-10-08 03:30:38,1314045510366396418,@bubbaprog @SethAbramson Humans with souls would react to a fly on their head but not the husk of a man known as Mi‚Ä¶ https://t.co/Un0sCcnhrD,
16,2020-10-08 03:30:36,1314045505362522113,The fact the numbers show that Kamala and Mike spoke about the same amount of time excludes the fact Kamala had to‚Ä¶ https://t.co/7olWIe2UD4,"Somewhere, Vibing to Ghostface"
17,2020-10-08 03:30:36,1314045504221859840,"Wrap up of #VPDebate 
1. Pence is üí©
#pencefly https://t.co/9Jl8s3nhMd",
18,2020-10-08 03:30:36,1314045503672332293,@thehill I encourage everyone to donate at least $5 to an abortion fund tonight in honor of the five abortion menti‚Ä¶ https://t.co/2T4izZacKm,"St Louis, MO"
19,2020-10-08 03:30:36,1314045502250508288,"Reposted from @itsbritneymeme By Noah Cassiel on Twitter
üòπüòπüòπ
.
#fly #thefly #thedebate #vpdebate https://t.co/RbWY0wXib5",New York City /Jersey Shore
20,2020-10-08 03:30:35,1314045500006387713,I don‚Äôt believe these people are undecided... at all. It‚Äôs late in the game they know exactly who they are voting for. #VPdebate,"Portland, OR"
21,2020-10-08 03:30:35,1314045498861350912,"can they give the next moderator an air horn so when a candidate talks over their time instead of ""Thank you, Mr. V‚Ä¶ https://t.co/R0eGedXbef","Seattle, WA"
22,2020-10-08 03:30:35,1314045497703792641,Like flies to shit...#VPdebate,"Toronto, Ontario"
23,2020-10-08 03:30:34,1314045496596590593,"WEIGH IN: Who won the #VPDebate?

VOTE NOW: https://t.co/fEfSAtpDmx",Washington DC
24,2020-10-08 03:30:33,1314045492586860544,"Hands down,  land slide Trump/Pence  win.. Trump 2020 !!!!!!#VPDebate",
25,2020-10-08 03:30:33,1314045490384629760,The people tweeting about the fly at the debate are the same people voting for Biden.. #VPDebate,
26,2020-10-08 03:30:32,1314045487771611138,"It looks like CNN is about to vote one of those undecideds off the island.

#VPDebate","Seattle, WA"
27,2020-10-08 03:30:32,1314045485896757253,Where are all the #VPDebate polls that need flipping?!,"Queensland, Australia"
28,2020-10-08 03:30:31,1314045484240166912,".@Mike_Pence you might want to go to the doctor on your way home from Salt Lake City.

#VPDebate
Researchers identi‚Ä¶ https://t.co/qc6gCoeWsZ",St. Louis
29,2020-10-08 03:30:31,1314045483682324480,"Watch yo' back Sucka ....

I'm coming fo' ya' head at

 #VPDebate

Jive turkey ..... https://t.co/fqoeb606OT","Chesapeake, VA"
30,2020-10-08 03:30:31,1314045481203490818,ü§úü§õ You won the #VPDebate üëç https://t.co/wM4OKVKioz,Twilight Zone
31,2020-10-08 03:30:31,1314045480532279296,"Bc women are primarily breeders, homemakers, mothers in his worldview? That‚Äôs why?  This is not a big mystery‚Ä¶ https://t.co/Kdj7yYsnNK",
32,2020-10-08 03:30:30,1314045478305234944,#VPDebate stating a healthcare policy is different than implementing following a policy. So lying and saying you wi‚Ä¶ https://t.co/tlyMW8ESNW,
33,2020-10-08 03:30:29,1314045475801055232,"@realDonaldTrump Who wore it better? üòÇ

The fly was like ""Come fly with me, let's fly, let's fly away"" ...

Mike Pe‚Ä¶ https://t.co/8Y8wdDira2",US
34,2020-10-08 03:30:29,1314045474823954433,my thoughts about #TheFly validation that pence is totally full of shit #VPdebate,planet earth
35,2020-10-08 03:30:29,1314045472441544707,"#vpdebate
Undecided Utah voters:
Pence in one word
Shifty
Not sincere
Stubborn
Stealing time, inconsiderate 
Evasiv‚Ä¶ https://t.co/5nvd4VXkoF",
36,2020-10-08 03:30:29,1314045472395460610,I cannot believe none of the #VPDebate questions were about either campaign's plan to add the Shrek 2 version of Ho‚Ä¶ https://t.co/cY40o28AfI,"Boston, MA"
37,2020-10-08 03:30:28,1314045470222802945,It‚Äôs honestly depressing that @KamalaHarris can‚Äôt do the same things that all the male politicians do without being‚Ä¶ https://t.co/jwjnCxDSLf,"Massachusetts, USA"
38,2020-10-08 03:30:28,1314045469744599042,The toughest part of tonight‚Äôs #VPDebate was having to watch this brilliant Black woman ‚Äî who could have torn‚Ä¶ https://t.co/Dq4v8VR9LC,"South Fulton, GA"
39,2020-10-08 03:30:27,1314045466359848960,@thehill I encourage everyone to donate at least $5 to an abortion fund tonight in honor of the five abortion menti‚Ä¶ https://t.co/9KTJiArYqJ,"St Louis, MO"
40,2020-10-08 03:30:27,1314045463818108932,If Mike Pence had caught the fly in midair like Mr. Miyagi in Karate Kid and then eaten it like Gollum in LOTR the‚Ä¶ https://t.co/LGIOJo8EHi,New York
41,2020-10-08 03:30:26,1314045463130075136,#vpdebate the fly is this year's Ken Bone,"Santa Clara, CA"
42,2020-10-08 03:30:26,1314045461368573952,"Black Flies Matter. 
#VicePresidentialDebate2020 #VPDebatefly #vpdebate #mikepence #thefly #thatblackfly‚Ä¶ https://t.co/cbDhDBrg1I",
43,2020-10-08 03:30:26,1314045460773048320,"I don't think @KamalaHarris actually answered one question today.

#VPDebate
#Debates2020","Los Angeles, California"
44,2020-10-08 03:30:25,1314045459283865600,Not since Jeff Goldblum has a fly gotten so much attention on TV. #VPDebate,Vegas
45,2020-10-08 03:30:25,1314045458663256064,"#VPdebate:
Pence: ""I love fracking.""
Harris: ""I love it just as much!""
Pence: ""She's actually going to take away yo‚Ä¶ https://t.co/cXGrYpa9el",
46,2020-10-08 03:30:25,1314045456905900033,"pence ignoring what will happen to those with preexisting conditions is absolutely terrifying. 

#cancersurvivor #VPDebate",IL
47,2020-10-08 03:30:25,1314045456247336962,Oh of course the undecided voter with the mask under his fucking nose thinks Pence did well #CNNDebate #VPDebates2020 #vpdebate,Yankee Territory
48,2020-10-08 03:30:24,1314045452128407552,Like Jordan out of a Space Ship #VPDebate https://t.co/1T0AnftgOd,"Los Angeles, CA"
49,2020-10-08 03:30:24,1314045451675541505,talk about something other than the fly #VPDebate,
50,2020-10-08 03:30:24,1314045451528740865,"@joelockhart @WordswithSteph Correction: #Women despise even more @Mike_Pence!
#VPDebate",
51,2020-10-08 03:30:23,1314045450551521281,Pence is the #LordOfTheFlies  #VPDebate,
52,2020-10-08 03:30:23,1314045449683103744,@SafetyDude6 @Veronicav877 @Adventures__Of @charliekirk11 Hate crimes and racial tension has factually risen becaus‚Ä¶ https://t.co/VRbBCpI7EB,Sucka Free
53,2020-10-08 03:30:23,1314045449679048706,"Claiming equal time, Senator Harris will now speak uninterrupted on any topic she likes for the next 3 1/2 hours. #VPDebate","Kentucky, USA"
54,2020-10-08 03:30:23,1314045448764698624,Wonder how Tupac liked the #vpdebate.,United States
55,2020-10-08 03:30:23,1314045448622084098,Only two things to come out of the debate: 1. Pence fly on head. 2. Pence weird eye. Fucking pointless! #vpdebate,
56,2020-10-08 03:30:23,1314045447711854592,"Yes. This. Can we please remove gender/sex from the discussion? Harris' scowls, theatrics, body language, and attit‚Ä¶ https://t.co/7hCVIF0s3b","Godthab, Greenland"
57,2020-10-08 03:30:22,1314045446713683968,@thehill I encourage everyone to donate at least $5 to an abortion fund tonight in honor of the five abortion menti‚Ä¶ https://t.co/rStprciBnn,"St Louis, MO"
58,2020-10-08 03:30:21,1314045442699780096,At this point @kerrywashington we need Olivia in that white house #VPDebate,Being Humble üòå
59,2020-10-08 03:30:21,1314045439558254592,I Am surprised the debate didn't cover LGBTQ issues. I would of loved to see Pence's homophobic reaction. Pete Butt‚Ä¶ https://t.co/5Miwak2YTP,
60,2020-10-08 03:30:21,1314045439121879040,"I think tonight‚Äôs debate, as admirable as I found Senator Harris to be, might not move the needle much. Both candid‚Ä¶ https://t.co/PUtmdmeEaO","Petaluma, CA"
61,2020-10-08 03:30:20,1314045437322485761,"Repubs need to answer questions, period. They have a lot to answer for. #vpdebate",
62,2020-10-08 03:30:20,1314045437238751237,"Well, at least Sarah Palin will no longer be remembered as the all time worst Vice Presidential debater. #vpdebate @KamalaHarris",Pennsylvania
63,2020-10-08 03:30:20,1314045436534104065,@nytimes When your candidate @KamalaHarris loses the #vpdebate focus on the fly.,"Lake Huron, MI"
64,2020-10-08 03:30:20,1314045436186046464,Undecided first time voter told CNN the one word he‚Äôd describe Pence would be ‚Äúshifty‚Äù. Another said ‚Äúnot sincere‚Äù.‚Ä¶ https://t.co/eiadUTsWb6,"Mansfield, TX"
65,2020-10-08 03:30:20,1314045435011629056,Her name is Karen ü§∑‚Äç‚ôÄÔ∏è #VPDebate https://t.co/bbcbGVRdoO,
66,2020-10-08 03:30:19,1314045433384181762,when are we getting The Fly merch #VPDebate #VPDebates2020,"New Hampshire, USA"
67,2020-10-08 03:30:19,1314045431463239680,"The equivalent of ""Will you shutup, man?"" #VPDebate #Debates2020 https://t.co/leKjOGY1xy",In the Twilight Zone...still.
68,2020-10-08 03:30:19,1314045430842359809,Why is immigration not a topic? #VPDebate  #PresidentialDebate2020,Los Angeles
69,2020-10-08 03:30:18,1314045429261242368,@Mike_Pence pulled a Gabbard.#VPDebate,New York
70,2020-10-08 03:30:18,1314045428946460672,Well if Pence was supposed to court ww tonight.....ummmm #vpdebate https://t.co/fqLt9HQ5Qv,
71,2020-10-08 03:30:18,1314045428405620737,Says the guy whose boss has literally been playing politics with peoples lives for 4 years. A boss who politicized‚Ä¶ https://t.co/yplPwlvaUc,"Texas, USA"
72,2020-10-08 03:30:18,1314045427902279683,.@nbcsnl - Who is going to play the fly? #vpdebate #TheFly #SNL,"Washington, DC"
73,2020-10-08 03:30:18,1314045427776446464,Pence attempts to defend Trump while ignoring his record on lying and fights over separation of powers‚Ä¶ https://t.co/Hz1PClj3Ks,Everywhere! #worldwide
74,2020-10-08 03:30:17,1314045425444417537,"I can‚Äôt with the internet!!! Not Flyshawn!!! üòÇüòÇüòÇ

#VPDebates2020 #vicepresidentdebate #pencefly #VPDebatefly‚Ä¶ https://t.co/yvsp0cQz7n","‚úàÔ∏èEverywhere, USA‚úàÔ∏è"
75,2020-10-08 03:30:17,1314045424236466178,"@realDonaldTrump @VP Joe Biden is selling out Catholic values to the secular Left!

#FourMoreYears #VPDebate¬†‚Ä¶ https://t.co/yQ9doC7CyO","USA, in God‚Äôs House"
76,2020-10-08 03:30:17,1314045422608871424,"The final question of the 2020 #VPDebate came from Brecklynn Brown, a student at Springville Jr. High.

""If our lea‚Ä¶ https://t.co/pSRC8sS6Hf","Salt Lake City, Utah"
77,2020-10-08 03:30:16,1314045420654391298,#thefly was the best thing to happen on a debate stage since the whole #tedcruzbooger incident. #vpdebate,
78,2020-10-08 03:30:16,1314045419651887111,These debates are frustrating. Needed something sweet to wash down my Taco Bell order. Just ate a quart of ice crea‚Ä¶ https://t.co/MkG9eEQJN8,‚ÄòMerica
79,2020-10-08 03:30:16,1314045419064786945,@thehill I encourage everyone to donate at least $5 to an abortion fund tonight in honor of the five abortion menti‚Ä¶ https://t.co/QeH4PYVwvf,"St Louis, MO"
80,2020-10-08 03:30:16,1314045418737606659,"Mike Pence is a smug, condescending liar that holds women in contempt. Women across America have a Mike Pence in their life #VPDebate",Veteran ‚Ä¢ Citizen üá∫üá∏
81,2020-10-08 03:30:16,1314045417835974656,"Good Morning #Viusasarites! Wishing you a Blessed Thursday ahead! üôèüòä

https://t.co/tnnGfDxeA1

 #VPDebate‚Ä¶ https://t.co/duHoZKv9rD","Nairobi, Kenya"
82,2020-10-08 03:30:15,1314045417039028230,üö´#KamalaHarris Sounded More Like A Cheerleader For #JoeBiden While #MikePence Held His Composure &amp; Spoke With Kindn‚Ä¶ https://t.co/D4iXi2NM75,"Ohio Valley, OH"
83,2020-10-08 03:30:15,1314045416116166657,The fly stole the show ü§£ #vpdebate https://t.co/Bp8px6XV92,"Redwood City, CA"
84,2020-10-08 03:30:15,1314045416057573377,"@ACTBrigitte If the #Democrats ever get their way, eighth graders WILL be voting!  Maybe even eight year olds.  #VPDebates2020 #VPdebate",Abolish the Federal income tax
85,2020-10-08 03:30:15,1314045415122063360,The Fly Hula....#vpdebate https://t.co/5ArfxDTAum,Kingdom of Hawai‚Äôi
86,2020-10-08 03:30:15,1314045414014767106,"Welp, I got there in the #vpdebate. 

@JoeBiden has improved his climate policy at every turn. I don‚Äôt expect that‚Ä¶ https://t.co/Zq7PBBqKWX","Portland, OR"
87,2020-10-08 03:30:15,1314045413490597889,Why isn‚Äôt this man on CNN wearing his mask correctly #VPDebate,"Syracuse, NY"
88,2020-10-08 03:30:13,1314045408277127170,"""What will you do if you old geezer you're running with becomes incapacitated?"" really was an idiotic question. I d‚Ä¶ https://t.co/5eTO4w9hpd",NYC
89,2020-10-08 03:30:13,1314045408029536256,"LIVE backstage with Debate House Fly.

ü§£
#vpdebate #VPDebates2020 #pencefly https://t.co/hBgX1xdOVp",Moz Angeles
90,2020-10-08 03:30:12,1314045404737011713,"Oooooofffff China doing what China does. Take note folks. They DO NOT WANT TO BE FRIENDS. Foreign policy is ugly, i‚Ä¶ https://t.co/ruru41ljWD",
91,2020-10-08 03:30:12,1314045401796755456,"#VPDebate Tonight VPdate was heavy on policy in contrast to last week's shout-fest between Biden &amp; Trump. 
Both can‚Ä¶ https://t.co/nQ18FmlbzJ",Mumbai
92,2020-10-08 03:30:12,1314045401591361542,"One thing I know for sure: the world is messed up because the slowest, most mediocre, needy men are ‚Äúin charge‚Äù‚Äô AN‚Ä¶ https://t.co/RD2uB9dl1T",Texas Girl
93,2020-10-08 03:30:12,1314045401528504320,"Ah, to have been a fly on that all 
(lives matter), tonight 

#vpdebate","Atlanta, GA"
94,2020-10-08 03:30:11,1314045398735085569,#VPDebate  When a fly lands on your head you you can feel it.  I don‚Äôt know why Pence didn‚Äôt.  ü§î üò≥ ü§≠ ü§£ü§£ü§£ https://t.co/uyHgBV9VGj,Puerto Rico ‚ú®
95,2020-10-08 03:30:11,1314045397808164867,"No words! The humongous fly, but the black eye though. You didn‚Äôt have to do that to him, Kamala.
#VPDebate https://t.co/UwGOve5kFt","The Woodlands, TX U.S.A"
96,2020-10-08 03:30:09,1314045390413598721,"So, if your entire debate performance can be derailed by the one minute appearance of an insect, I'm going to go ou‚Ä¶ https://t.co/koFCEZ8T0D",United States
97,2020-10-08 03:30:08,1314045388228308992,@thehill I encourage everyone to donate at least $5 to an abortion fund tonight in honor of the five abortion menti‚Ä¶ https://t.co/OPu3uZJ7lY,"St Louis, MO"
98,2020-10-08 03:30:08,1314045388144422912,Kamala won but that fly was a very close second! #vpdebate,"New York, NY"
99,2020-10-08 03:30:08,1314045387037184000,"@Kornbread, you gone start my gofundme?????  I got to quarantine for 14 days now and need Covid test every 3 days.‚Ä¶ https://t.co/3qRI6mzeqK","Chicago, IL"
100,2020-10-08 03:30:08,1314045386798100481,Are you fucking kidding me?! #VPDebate https://t.co/Id0PvQBfyY,
101,2020-10-08 03:30:07,1314045383333605376,'Grateful Thankful Blessed' tees - Available at Ksh1000. Call or WhatsApp  254 (0) 700 135552‚Ä¶ https://t.co/v9UcqXwQXI,"Nairobi, Kenya"
102,2020-10-08 03:30:07,1314045383014707200,OOP. @andersoncooper is  P U L L I N G  U P  right now on Santorum! #VPDebate #Debates2020 https://t.co/dy3931Gcmv,SoCal native 
103,2020-10-08 03:30:07,1314045382611988480,I‚Äôm sorry did someone not put the right channel on for you sir? Clearly you weren‚Äôt watching the same broadcast.‚Ä¶ https://t.co/ki3dBItA7N,New Orleans
104,2020-10-08 03:30:07,1314045380624101377,Pence is a Dick too #VPDebate,"Clearwater, FL"
105,2020-10-08 03:30:06,1314045379730497536,"Disgusting #leftist, not only appraised the dictatorship but also abandoned the values of the US and the free world‚Ä¶ https://t.co/dw7jCkxB1o",Hong Kong
106,2020-10-08 03:30:06,1314045379667783680,there‚Äôs a fly sitting on pences hair. flys also like sitting on pences hair. flys also like sitting on pences hair.‚Ä¶ https://t.co/2Ue7xKQU1Y,Pine64 \o/
107,2020-10-08 03:30:06,1314045378514300935,‚ÄúI‚Äôm #MikePence and I approve this message.‚Äù ü¶ü #VPDebatefly #VPDebates2020 #vpdebate https://t.co/a7ak7r9C6b,"Arlington Heights, IL USA"
108,2020-10-08 03:30:06,1314045378128420864,"How Mike Pence can feel what Americans going through, when he can't feel a fly on his headüòÇ #VPDebate",In Raccoon City's crater
109,2020-10-08 03:30:05,1314045375636881409,@VP @KamalaHarris Nagorno Karabakh (NKR) has been continuously inhabited by Armenians for thousands of years and th‚Ä¶ https://t.co/Jl6kn6CVQk,
110,2020-10-08 03:30:05,1314045373980135425,@KamalaHarris You were absolutely great‚Äîso proud of you. Keep this momentum going. #KamalaWonTheDebate #VPDebate,
111,2020-10-08 03:30:05,1314045373154025472,"#VPDebate : ""I‚Äôm a former career prosecutor. I know what I‚Äôm talking about. Bad cops are bad for good cops,"" Kamala‚Ä¶ https://t.co/gNrsUt8eyB","Hollywood, CA"
112,2020-10-08 03:30:04,1314045371417591814,@thehill I encourage everyone to donate at least $5 to an abortion fund tonight in honor of the five abortion menti‚Ä¶ https://t.co/5hH9SDhLMZ,"St Louis, MO"
113,2020-10-08 03:30:04,1314045371220406272,It's got to be said Pence was in full on climate denier mode during the #VPdebate this evening. Yet his comment on‚Ä¶ https://t.co/N3uZ6alWDc,Global
114,2020-10-08 03:30:04,1314045370255761411,"i dont get it when people say "" If your candidate won the debate you wouldn't be tweeting about a fly"" like bro it'‚Ä¶ https://t.co/xQYWRq39Ku","New York, USA"
115,2020-10-08 03:30:04,1314045368879976450,Here‚Äôs the final speaking time tally for tonight‚Äôs #VPdebate https://t.co/MC183NnfDH https://t.co/wUX9OMHPlL,"Washington, DC"
116,2020-10-08 03:30:04,1314045367294595072,SANITISER VS SOAP: Soap cleans better in the war a gainst viruses! Read why here: https://t.co/QW4qtHHvdU‚Ä¶ https://t.co/rH3h11XahL,South Africa
117,2020-10-08 03:30:03,1314045366719848449,Great job hosting a wonderful debate and impressing the nation. Proud to be a Utahn tonight @UUtah @hinckleyinst #VPDEBATE,"Alta, Utah"
118,2020-10-08 03:30:03,1314045365746794497,"The fact that a fly is the only thing people are talking about reaffirms that Bob's Burgers was the right viewing choice
#VPdebate",
119,2020-10-08 03:30:02,1314045362802491393,@KamalaHarris wiped the floor with @VP.  There were flies ü¶ü all over that üí© #vpdebate #justsaying #mikepencesfly‚Ä¶ https://t.co/06TFgtpBjs,Gotham City
120,2020-10-08 03:30:02,1314045360202018816,"things people could be talking about: the economy, healthcare, climate change, police reform, infrastructure, repro‚Ä¶ https://t.co/xtsiwgHJHR","New York, NY"
121,2020-10-08 03:30:02,1314045359639805952,"Now I know why Indiana is a fly over state

#VPDebate",United States
122,2020-10-08 03:30:01,1314045358352162818,"I'm in science, I trust science, man-made ideas change because the scientific method requires them to be challenged and verified
#VPDebate","San Marcos, CA"
123,2020-10-08 03:30:01,1314045356796190720,üé∂ Pretty fly on a white guy üé∂ #VPDebate https://t.co/33xLKhLBKH,"New Jersey, USA"
124,2020-10-08 03:30:01,1314045356016054272,"If I was @VP Pence I would definitely quarantine now - maggots coming in a couple of days, Pink Eye, and exposure t‚Ä¶ https://t.co/kj23UB7fAX","Eden Prairie, MN"
125,2020-10-08 03:30:00,1314045353809895427,"Dear #Millennials, we need to sit with our grandparents and talk to  them about what‚Äôs going on administration. Our‚Ä¶ https://t.co/U86FxfABXh","Washington, DC"
126,2020-10-08 03:30:00,1314045351125426176,"It was thoughtful of @SusanPage to devote 2 entire minutes of a 90-minute debate to #covid19. I mean,
it‚Äôs not like‚Ä¶ https://t.co/6XcE5TjHHV","California, USA"
127,2020-10-08 03:30:00,1314045350563516421,@thehill I encourage everyone to donate at least $5 to an abortion fund tonight in honor of the five abortion menti‚Ä¶ https://t.co/tH29sdEtHy,"St Louis, MO"
128,2020-10-08 03:29:59,1314045346696183809,"tonight @KamalaHarris floated like a butterfly, stung like a bee, and got into Pence's head. #VPDebate https://t.co/iA3ZO36eSq",Sky Above You
129,2020-10-08 03:29:58,1314045343688847361,The only #VPDebate poll that matters. https://t.co/RD3uNaiCGh,"Utah, USA"
130,2020-10-08 03:29:57,1314045341956702211,"#VPDebate  don‚Äôt make much of a difference, but not a good night for the #BidenHarris ticket","Las Vegas, NV"
131,2020-10-08 03:29:57,1314045340656398337,"flies are small, but mighty. 

clearly the work of #RBG. 

ü§çü§çü§ç 

#VPDebate","LA, NY"
132,2020-10-08 03:29:57,1314045340052488193,How many more do we sit through before we let Dem candidates take the gloves off when cowardly Republican lying thu‚Ä¶ https://t.co/0cnfQMEtMy,ALL‚Ä¢ VIOLENCE ‚Ä¢ IS ‚Ä¢ BAD
133,2020-10-08 03:29:56,1314045334155296773,@thehill I encourage everyone to donate at least $5 to an abortion fund tonight in honor of the five abortion menti‚Ä¶ https://t.co/3VBsXA1WiO,"St Louis, MO"
134,2020-10-08 03:29:55,1314045332750180352,"#VPDebate #MikePence ignored the moderator, used more time than he was supposed to, repeatedly didn't answer ques a‚Ä¶ https://t.co/ABGQsfsAXT",
135,2020-10-08 03:29:55,1314045332620300291,"- Pink Eye
- Fly
- Frustration
- Flustered

Mike Pence Tonight

#VPDebate","Nashville, TN, United States"
136,2020-10-08 03:29:55,1314045330476855297,Now THIS is the way you catch a FLY üòÇ #VPDEBATE #GoDodgers https://t.co/yq4IASCap5,"Los Angeles, CA"
137,2020-10-08 03:29:55,1314045329621352448,@marcorubio Has @vp ever let a woman finish? #vpdebate https://t.co/18pE9rTtlv,
138,2020-10-08 03:29:54,1314045327650050049,"Amazingly China doesn‚Äôt want their citizens to hear both sides, only the left. This should speak volumes to the Ame‚Ä¶ https://t.co/XUVdwT4JmA","Corydon, Indiana, USA"
139,2020-10-08 03:29:53,1314045324600672256,"The winner of the debate was your candidate of choice. Let's be honest, if they lost you wouldn't admit it anyway. #VPDebate",here and there
140,2020-10-08 03:29:53,1314045324458164225,"This is brilliant!!!
üòÇü§£üòÇ
#VPDebate 
#VPDebates2020 https://t.co/VrXnd6FfZc",
141,2020-10-08 03:29:53,1314045324197994496,"Classy, bougie, hatchin' #VPDebates2020 #Fly #VPDebatefly #vpdebate
#VicePresidentialDebate2020  #flygate #FLY2020","Bay Area, CA"
142,2020-10-08 03:29:53,1314045321421312002,"No more flies, no more lies. Whether Pence's head or the White House.  You know you need it ü™∞ Only at‚Ä¶ https://t.co/bPMNUcmvf2",
143,2020-10-08 03:29:53,1314045321215967232,"Tomorrow we will hear that @VP had COVID... or at 1:00am EST. 

#VPDebates2020 #vpdebate",
144,2020-10-08 03:29:52,1314045318326104065,@thehill I encourage everyone to donate at least $5 to an abortion fund tonight in honor of the five abortion menti‚Ä¶ https://t.co/4xdAMgJ8KO,"St Louis, MO"
145,2020-10-08 03:29:52,1314045317873102853,Mike Pence @vp tonight https://t.co/DOm0DHN5rT #FLY2020 #VPDEBATE,
146,2020-10-08 03:29:52,1314045317243908098,srsly the only thing democrats got out of the #VPDebate  is the damn fly on pence‚Äôs head. shows how immature democrats are.,
147,2020-10-08 03:29:51,1314045313733197825,@VP @KamalaHarris Prez of Turkey and Azerbaijan threaten to blow up Armenias nuclear power plant &amp; import terrorist‚Ä¶ https://t.co/L4yC5l1Qoh,
148,2020-10-08 03:29:51,1314045313485885441,"‚ÄúI‚Äôm speaking, I‚Äôm speaking‚Äù #WhenTheyTryToSilenceYou

‚ÄúI would like equal time‚Äù  #WhenTheyRefuseToTreatYouEqually‚Ä¶ https://t.co/9KEP286ke1",
149,2020-10-08 03:29:51,1314045313032880128,Only the fly knows for sure... #VPDebate,
150,2020-10-08 03:29:50,1314045312332296194,"Guys... the lack of basic human empathy, it all makes sense. #VPDebate  #Westworld #flygate https://t.co/Z5PsTvY7rN","Hammersmith & Fulham, London"
151,2020-10-08 03:29:50,1314045311937961984,I vote Jeff GoldBlum is on SNL this weekend.... @ReallyMarcia @JimCarrey @AlecBaldwin can you PLEASE MAKE it HAPPEN‚Ä¶ https://t.co/Z7l7gZOP1B,"Las Vegas, NV"
152,2020-10-08 03:29:49,1314045308456890368,Did Trump know he was COVID positive when he was yelling on the debate stage? Spraying COVID all over? #ScreamHere‚Ä¶ https://t.co/nqoRl8aJts,virginia
153,2020-10-08 03:29:49,1314045307848585218,Pence should I have a cockroach crawling on his head.#VPDebate #BidenHarris,
154,2020-10-08 03:29:49,1314045307257270272,".@MajorCBS was WOKE! when summarising @KamalaHarris's #VPDebate performance. I only caught bits, while passing the‚Ä¶ https://t.co/kpumevdpuF","Washington, DC"
155,2020-10-08 03:29:49,1314045306439376896,"here are the winners and losers of the #vpdebate. obviously the fly was a winner, and i'm kind of sorry i assumed t‚Ä¶ https://t.co/UUWtmKhO7X","New York, NY"
156,2020-10-08 03:29:49,1314045305843712000,My God. Life imitating life. #VPDebate https://t.co/jOexKBAxYd,"Salt Lake City, UT"
157,2020-10-08 03:29:48,1314045303109169152,@thehill I encourage everyone to donate at least $5 to an abortion fund tonight in honor of the five abortion menti‚Ä¶ https://t.co/R1FLp4RWLF,"St Louis, MO"
158,2020-10-08 03:29:48,1314045302727270400,"For those that didn‚Äôt watch, here it is in a nutshell: Fly boi lost.  #vpdebate","Bed, probably."
159,2020-10-08 03:29:48,1314045300517089280,The Fly #VPDebate #KamalaHarrisVP #PenceFly #VPDebate #VPDebate2020 #VicePresidentialDebate2020 #PenceFly‚Ä¶ https://t.co/7eqEquq7Nm,Sunshine State via #NYCStrong 
160,2020-10-08 03:29:47,1314045297648193536,@MichelleObama @KamalaHarris @JoeBiden First Lady @MichelleObama this #VPDebate has #BlackGirlMagic‚Ä¶ https://t.co/7Z5ED7B4r6,
161,2020-10-08 03:29:47,1314045296310194176,I like Morgan in Arizona üòç #vpdebate #Debates2020 @CNN #Undecided,"√úT: 40.90418,-73.77921"
162,2020-10-08 03:29:46,1314045295945113605,It's telling that the most memorable and compelling thing about .@VP Mike Pence's entire #VPDebate performance was‚Ä¶ https://t.co/jnHB97WKiO,
163,2020-10-08 03:29:46,1314045295936917505,"@NYGovCuomo and @NYCMayor De Blasio are threatening Jews with jail!

#VPDebate https://t.co/2QANqkXCa0",
164,2020-10-08 03:29:46,1314045295169204227,"@TrumpWarRoom Not only she was condescending, she literally lied into the camera. 

Even AOC made a commented on fr‚Ä¶ https://t.co/9UDdeEjyqR",United States
165,2020-10-08 03:29:46,1314045295110565888,Who won the face debate tonight? The many faces of Kamala I‚Äôd say. #VPDebate https://t.co/NqUPUJVH2m,"Austin, TX"
166,2020-10-08 03:29:46,1314045294300983296,Bill Barr will announce in the morning that the DOJ will open an investigation into the unmasking of the fly. #VPDebate,"Los Angeles, CA"
167,2020-10-08 03:29:46,1314045293646811138,Our girl @KamalaHarris served up real legitimate facts tonight she handled it like a true vp. #VPDebate,"Brownsville, TX"
168,2020-10-08 03:29:45,1314045290383642625,.@JamesCarville you legit need help with your webcam and microphone. #VPDebate,Chicago
169,2020-10-08 03:29:45,1314045289209176064,#VPDebate can't wait to see the Fly on SNL ü§£,
170,2020-10-08 03:29:45,1314045289016299520,@danjlevy Is the fly eligible for a SAG Award? Does (s)he have to be a card-carrying member of @sagaftra ?‚Ä¶ https://t.co/77USlGbqtg,on your mind & in your ‚ù§
171,2020-10-08 03:29:45,1314045288235982848,This guy wins twitter tonight! #vpdebate https://t.co/scYZUqagci,"Pasadena, CA"
172,2020-10-08 03:29:45,1314045288194203650,@thehill I encourage everyone to donate at least $5 to an abortion fund tonight in honor of the five abortion menti‚Ä¶ https://t.co/fW1H09syT0,"St Louis, MO"
173,2020-10-08 03:29:45,1314045288018042887,So are we going to acknowledge that the undecided voters sitting in the gallery in Phoenix didn‚Äôt have masks on bef‚Ä¶ https://t.co/crXnL4eK4V,
174,2020-10-08 03:29:45,1314045287996911617,Breaking News! The Fly has been diagnosed with Covid-19 #VPDebate,San Francisco
175,2020-10-08 03:29:44,1314045286730412032,"What Kamala did tonight was so hard ‚Äî- especially as a woman. To convey strength, knowledge, joy, and warmth  all a‚Ä¶ https://t.co/6irRjXqC93","Washington, D.C."
176,2020-10-08 03:29:44,1314045285862125568,"tfw you‚Äôre a real bona fide POS (with a soundtrack, thanks tiktok üòÇ) #pencefly #Debates2020 #vpdebate #FLY2020‚Ä¶ https://t.co/iblKYF9moo","Key West, FL"
177,2020-10-08 03:29:44,1314045284155035648,The fact that she said overtime and not interrupting is what‚Äôs wrong with the American education system #vpdebate,"Syracuse, NY"
178,2020-10-08 03:29:44,1314045284079542273,Mike ‚Å¶@VP‚Å© Tried To Defend An Administration That Doesn't Exist #VPDebate  https://t.co/Jr6JJ82W1h,Right behind you 
179,2020-10-08 03:29:43,1314045280757583872,"Wow, the debate between the CNN commentators is more vociferous than the #vpdebate was.",Earth
180,2020-10-08 03:29:43,1314045279507607558,"@VP was a disrespectful, patronizing &amp; condescending schmuck. #VPDebate","Las Vegas, NV"
181,2020-10-08 03:29:42,1314045275581960192,final topic: ELECTION (this is late sorry) #VPDebates2020 #vpdebate #vicepresidentdebate #VicePresidentialDebate2020 https://t.co/e0gf7NxLVE,
182,2020-10-08 03:29:42,1314045275145723905,"Enjoy the ride buddy!
-SB Shark

#vpdebate pencefly #superbowlshark https://t.co/mG39F9VpVe",Los Angeles
183,2020-10-08 03:29:41,1314045273249927168,#VPDebate great. The President now will literally complain that debate was bugged !,Poughkeepsie NY
184,2020-10-08 03:29:41,1314045272909967363,"Just because a vaccine is made in record time doesn‚Äôt make it safe you dipshit. If that was the case, my company wo‚Ä¶ https://t.co/Z1VlGm0mLE","South Lake Tahoe, CA"
185,2020-10-08 03:29:41,1314045271572197376,"Lets take notes from last weeks debate. The debate was last Tuesday, Trump tested positive that Thursday. SO tonigh‚Ä¶ https://t.co/nHYMIrEte7",
186,2020-10-08 03:29:40,1314045269072379910,"Superjare Dual Monitor Stand for $28.97

Click Link Belowüëá
https://t.co/yzBCi1uaDu

#VPDebate‚Ä¶ https://t.co/NNZR2O77CR",United States
187,2020-10-08 03:29:40,1314045267939909639,"So what did I learn from the VP Debate?  Not much I didn‚Äôt already know.  They were more respectful, stopping after‚Ä¶ https://t.co/FQFpg7vvVv",
188,2020-10-08 03:29:40,1314045266987749378,@thehill I encourage everyone to donate at least $5 to an abortion fund tonight in honor of the five abortion menti‚Ä¶ https://t.co/yydC1N3wV3,"St Louis, MO"
189,2020-10-08 03:29:39,1314045266526339074,"Maybe Mike Pence was going through a ""Scanners"" moment at the #VPDebate tonight? https://t.co/AsT4L7Zo4o","Charlotte, NC"
190,2020-10-08 03:29:39,1314045263754014720,#VPDebate focusing on the fly is a way to drag the audience attention from the content. Its psychological strategy.‚Ä¶ https://t.co/bm1S50vLY3,Riyadh
191,2020-10-08 03:29:38,1314045259773509636,"This #Thread analysis of the #VPDebate by Dr. Spencer, Director of Global Health in Emergency Medicine at NYC‚Äôs Col‚Ä¶ https://t.co/M49M1ftgyk","Houston, TX via The Bronx"
192,2020-10-08 03:29:37,1314045255671570433,To all those in #Israel and #AmericaFirst who continue to claim @realDonaldTrump is the best thing that happened to‚Ä¶ https://t.co/aLGjFlkSQo,Israel
193,2020-10-08 03:29:37,1314045255256285185,"I mean, to be fair... do you think Pence has ever let a woman finish? 

I didn‚Äôt think so either...

#VPDebates2020‚Ä¶ https://t.co/6lxgsR5185",
194,2020-10-08 03:29:36,1314045253570170880,I've paid more attention to this CNN analysis than I did the debate. I blame the Baileys I had before bed. #VPDebate,Indy Republic of Liverpool
195,2020-10-08 03:29:36,1314045250571243522,"@RandPaul @VP Now he has to go and check a Qanon website to see if he‚Äôs said the right thing. 
 @CNN #VPDebate¬†‚Ä¶ https://t.co/KhrDG0kc2n","New York, USA"
196,2020-10-08 03:29:35,1314045249774215168,"NO. The #fly WON BIG!
#VPDebate #Debate2020 #debatefly https://t.co/iSgQSS8H9l https://t.co/I1vhSEoXQN",Worldwide
197,2020-10-08 03:29:35,1314045249736540161,You weren‚Äôt a great moderator tonight @SusanPage #VPDebate,North America
198,2020-10-08 03:29:35,1314045249539444736,"@TheStefanSmith @nerdypursuit @KamalaHarris asked ""Who does Trump owe $400Million to?"" and Pence's answer was...‚Ä¶ https://t.co/TrVIEr1OUC","New York, NY"
199,2020-10-08 03:29:35,1314045246045470722,@CNN You guys mentioned they both did what they were supposed to do but I feel like Pence turned even more women vo‚Ä¶ https://t.co/9SPqFyvXwc,
200,2020-10-08 03:29:34,1314045244846071810,@thehill I encourage everyone to donate at least $5 to an abortion fund tonight in honor of the five abortion menti‚Ä¶ https://t.co/wgQtS9sYpV,"St Louis, MO"
201,2020-10-08 03:29:34,1314045244611063809,"This has been a far more civil and informative debate than the Presidential debate. Regardless of views, many issue‚Ä¶ https://t.co/c5qod2hGDo","Lynnwood, WA"
202,2020-10-08 03:29:34,1314045244330172416,"Perhaps we could import the next debate moderator. #VPDebate #Vote #Election2020 
https://t.co/dMmqoR8T6R","Lemoyne, PA"
203,2020-10-08 03:29:34,1314045242279030784,Patronizing Pence did himself and dear leader no favors tonight. Women know this. #VPDebate,LA
204,2020-10-08 03:29:34,1314045241792638978,Someone give @Mike_Pence clear eyes or visine #VPDebate https://t.co/a9IP7uteiV,
205,2020-10-08 03:29:34,1314045241574469633,It was refreshing to see @KamalaHarris debating again!!! #pencefly #vpdebate,"Oklahoma, USA"
206,2020-10-08 03:29:33,1314045239737417728,"@espn @MLB @KamalaHarris showing up to the #VPDebate , only to have @VP snag that. üòÇ",
207,2020-10-08 03:29:33,1314045238533591043,I would like equal time. #VPDebate,USA
208,2020-10-08 03:29:33,1314045238239997952,"""Vice President Pence appeared flaccid,"" @NicolleDWallace says of VP Pence's #vpdebate performance. ""The only time‚Ä¶ https://t.co/3jOwfW1Cv0","Greater Detroit, MI"
209,2020-10-08 03:29:33,1314045237988265984,"For something so light and tiny, the fly spirit animal holds so much meaning and provides so many intuitive insight‚Ä¶ https://t.co/4hVSfhQkVf",East Bay
210,2020-10-08 03:29:32,1314045237182910465,Tonight the universe sent us a message via a fly. #ClimateAction #vpdebate,East Bay
211,2020-10-08 03:29:32,1314045235379363843,This #CNN panel has gone from #VPDebate discussion to an intervention for @RickSantorum. What an idiot. Trump‚Äôs act‚Ä¶ https://t.co/vmE1jTvb06,
212,2020-10-08 03:29:32,1314045235111043072,Lorne Michaels hired that fly. You cannot convince me otherwise. #VPDebate,NY 
213,2020-10-08 03:29:32,1314045234720854016,"The Fly; a thread:
#ClimateAction #vpdebate https://t.co/0m7WJJ72ll",East Bay
214,2020-10-08 03:29:32,1314045233500483584,@CNN The inexperience of Kamala Harris was on full display and validated why she exited the Democrat primary before‚Ä¶ https://t.co/4r23dIsIqk,"Faraway, So Close"
215,2020-10-08 03:29:31,1314045232812560384,"#Democrats #2020Election #Debates #VPDebate  Democrat debate prep........Blame Trump,  laugh, snicker, eye roll, an‚Ä¶ https://t.co/Fzkn5jvG5z","iPhone: 29.949793,-81.438408"
216,2020-10-08 03:29:30,1314045227561185281,"Ok, now that the jokes are done... my opinion on the #VPDebate 

Kamala Harris won by a lot.
While Biden won last d‚Ä¶ https://t.co/9xceMHllu3","Vancouver, Canada"
217,2020-10-08 03:29:30,1314045226269454343,Our next Vice-President did us proud tonight. #VPDebate https://t.co/pyq2tsUPOw,"Sarasota, Florida"
218,2020-10-08 03:29:30,1314045225027993600,"How Pence must have felt,after the #VPDebate ü§≠ https://t.co/eVBYuSbT7C",BRASIL/SUL
219,2020-10-08 03:29:30,1314045225023746048,@thehill I encourage everyone to donate at least $5 to an abortion fund tonight in honor of the five abortion menti‚Ä¶ https://t.co/ZUY4YAwbSa,"St Louis, MO"
220,2020-10-08 03:29:29,1314045222293172224,Kamala Harris is also the only person on stage who prosecuted a journalist for doing undercover journalism.‚Ä¶ https://t.co/bqk9rjiMpj,Winnipeg
221,2020-10-08 03:29:29,1314045221123043334,This must be fake because @MichelleObama JUST told us this isn‚Äôt happening and if you acknowledge it you are fear m‚Ä¶ https://t.co/iEqkqfM4yM,"Virginia, USA"
222,2020-10-08 03:29:29,1314045221081174018,Even my dog (dead asleep) reacted unconsciously to the string of lies and distractions coming out of his mouth. üòù‚Ä¶ https://t.co/9nEXKQi2Lm,NYC
223,2020-10-08 03:29:29,1314045220833681408,A fly lands on VP Mike Pence's head during the debate as he‚Äôs talking about racism. #VPDebatefly #VPDebate https://t.co/FkQbMlXlW1,"Toledo, Ohio"
224,2020-10-08 03:29:28,1314045219319377921,"@kim Covid-19 with a side of 'Other'.

#MikeOxhardPence requested chairs &amp; desks because being beaten and humiliate‚Ä¶ https://t.co/R6hXQYMsza",Resisting the Gropenf√ºhrer!
225,2020-10-08 03:29:28,1314045217201442819,"@nbcsnl 
#VPDebate
#flygate
....you know to do!",
226,2020-10-08 03:29:26,1314045210456805376,Breaking News: Rick Santorum &amp; CNN Analysts get in an intense debate over the #VPDebate.,"Oakland, CA"
227,2020-10-08 03:29:25,1314045206824734721,Pence should have put on a mask immediately after the debate. He looks sick. His eyes are telling and his wife has‚Ä¶ https://t.co/H80rYkzTes,
228,2020-10-08 03:29:25,1314045205918748672,"My entire feed is full of flyswatters so I‚Äôm just here to say...

Text FLY to 30330
#VPDebate",
229,2020-10-08 03:29:25,1314045205176254464,@thehill I encourage everyone to donate at least $5 to an abortion fund tonight in honor of the five abortion menti‚Ä¶ https://t.co/UHWL9ZSKKB,"St Louis, MO"
230,2020-10-08 03:29:25,1314045203876130816,And that‚Äôs what was on full display tonight smh. Playing to an audience of one: The infected Oompa Loompa in Chief‚Ä¶ https://t.co/aTVuKnnPF3,Brooklyn born. ATL living.
231,2020-10-08 03:29:24,1314045202823344128,#KamalaHarris Doesn't trust the Justice System. I wonder why??? #VPDebates #VPDebate2020 #VPDebate,"Michigan, USA"
232,2020-10-08 03:29:24,1314045201669857281,"Kamala was everything but condescending. She came armed with facts, and her opponent came with BS. She only let her‚Ä¶ https://t.co/jGhXhZiaaa",Jumaykah
233,2020-10-08 03:29:24,1314045200998838273,"Before Harris said a word Wednesday, she made history by becoming the first Black woman to stand on a vice presiden‚Ä¶ https://t.co/WTnEjRZGRk","Boston, MA"
234,2020-10-08 03:29:24,1314045199744667648,@robertjeffress @VP @Mike_Pence I coming for you mother fucker. Your combover is going to be the next place I shit. #vpdebate #VPDebates2020,
235,2020-10-08 03:29:23,1314045199140691968,"#BREAKING:

Pete Buttigieg declares victory in #VPDebate https://t.co/OMQYiOy0WR https://t.co/8odvIDOifJ","Wall Street, NY"
236,2020-10-08 03:29:23,1314045199127965698,this sums up the 2020 election and 2020 in general #VPDebate #VOTE https://t.co/PhOMTZtofA,"Los Angeles, CA"
237,2020-10-08 03:29:23,1314045198922592257,She got trashed. #VPDebate,
238,2020-10-08 03:29:23,1314045198046048256,#Dear @JoeBiden &amp; @KamalaHarris: (cont 2 of 2) No more #AngolaRodeo or $ goes to the families. America has achieved‚Ä¶ https://t.co/MVXOfbX8O8,"Cumulus Cloud, Beneath Space"
239,2020-10-08 03:29:23,1314045196791939073,"I just don‚Äôt understand how Kamala could say that Trump wrecked the economy? Hunny, Covid wrecked the best economy‚Ä¶ https://t.co/tGFAqFuHSO",Salt Rock WV
240,2020-10-08 03:29:23,1314045196468989952,"Pence ran over his time roughly 127 times tonight.
And one thing about prosectors is that they often know when to l‚Ä¶ https://t.co/WqPG3mZCgZ","Washington, DC"
241,2020-10-08 03:29:21,1314045190613676033,I really wish Harris had had the chance to respond on the separation of powers remark.   It was like a Christmas pr‚Ä¶ https://t.co/2xHbuLo7pa,"Houston, TX"
242,2020-10-08 03:29:21,1314045190043324416,@Mike_Pence What is up wit yo eye?!? via @YouTube #PencesPinkeye #PencesBlackFly #PencesLiesBringFlies‚Ä¶ https://t.co/UhbquPxiLJ,"Washington, DC"
243,2020-10-08 03:29:20,1314045185500872704,.Hey @realDonaldTrump  WHY R U &amp;  @VP @Mike_Pence SO AFRAID OF SCIENTISTS &amp; MILITARY &amp; EXPERTS? DT: ‚Äúnobody knows m‚Ä¶ https://t.co/M2QovP9slE,"Carmel, Indiana"
244,2020-10-08 03:29:20,1314045185249226754,".@KamalaHarris‚Äôs policy, accomplishments, and years of service will make her a strong leader for the U.S. #vpdebate‚Ä¶ https://t.co/6zUxvFmdOZ",
245,2020-10-08 03:29:20,1314045184976408576,@thehill I encourage everyone to donate at least $5 to an abortion fund tonight in honor of the five abortion menti‚Ä¶ https://t.co/jz0JUYD3Hg,"St Louis, MO"
246,2020-10-08 03:29:19,1314045182325604352,Mike Pence the type of dude to make the sound of the animal cracker before eating it. #maga #vpdebate #flies #PenceKnew #DebateNight,
247,2020-10-08 03:29:19,1314045182107672583,"Its clear to the world now why @KamalaHarris was a bad pick to run with Dementia Joe by the #DoNothingDemocrats 

#VPDebate",Illinois
248,2020-10-08 03:29:19,1314045180450926593,"Why I left Pak media: Reason #69 

#VicePresidentialDebate2020 #Debates2020¬† #VPDebate https://t.co/BF84DEceii",New York City
249,2020-10-08 03:29:19,1314045179897184257,"The next moderator needs to be a mom of three dealing w/ distance learning, working from home, rent, paying bills a‚Ä¶ https://t.co/5rbvBgI8ns","Washington, DC"
250,2020-10-08 03:29:18,1314045177774956549,If @JoeBiden is a practicing catholic then I'm Jewish! #VPDebate,"Archdale, NC"
251,2020-10-08 03:29:18,1314045177175080960,Where? #bidenharris2020 #vpdebate #FliesOnPence https://t.co/4E5x0DVqkl,Mike Pence‚Äôs Head
252,2020-10-08 03:29:18,1314045176957022209,@rtraister @carrolltowing This made me sigh out loud. So sad how proud Kamala was to brag about this awful‚Ä¶ https://t.co/zLxtlNMYsS,
253,2020-10-08 03:29:18,1314045176336265220,"Can we give a little bit of credit to the moderator Susan Page? The debate, with its issues, was...civil. Compare t‚Ä¶ https://t.co/hci3z0myNS","Richardson, TX/DFW Area"
254,2020-10-08 03:29:17,1314045172791963650,@KamalaHarris @VP Turkey is using jihadist terrorists from Syria and Lybia to wage war against Christian Armenians‚Ä¶ https://t.co/tn2ZHNvbHi,
255,2020-10-08 03:29:17,1314045172607410176,"Love Vice President Pence! 
We are very proud of you Governor!  #VPDebate https://t.co/chgqVh0Ffj","Genoa, Liguria"
256,2020-10-08 03:29:17,1314045171835777029,"#LordOfTheFlies is a literal translation of Beelzebub, the devil.  FYI, that's from the Bible, a book that this sel‚Ä¶ https://t.co/sRR7VoZmjB",
257,2020-10-08 03:29:17,1314045171432972290,"Tonight, @KamalaHarris declared that a Biden/Harris admin would decarbonize the power sector by 2035 &amp; create milli‚Ä¶ https://t.co/ISwMnhGuuK",
258,2020-10-08 03:29:17,1314045171374403585,"Sen. Kamala Harris: ""Donald Trump, who went to Arlington Cemetery and stood above the graves of our fallen heroes a‚Ä¶ https://t.co/nryezD4utG","Washington, DC"
259,2020-10-08 03:29:17,1314045170724360192,#humptyTrumpty saying 'Pence won big' is like in the #Titanic movie when the musicians kept playing while passenger‚Ä¶ https://t.co/dBlYAvZDNI,"Port Charlotte, FL"
260,2020-10-08 03:29:16,1314045169474433026,@RubyMcrae @cnn reported only a 3 second difference but that‚Äôs because @KamalaHarris fought to reclaim her time fro‚Ä¶ https://t.co/sYcQ7GnONA,"New Jersey, USA"
261,2020-10-08 03:29:16,1314045169369579521,"When all liberals can talk about after the #VPDebate is the fly on Pence‚Äôs head, you know he won.","Mustang, OK"
262,2020-10-08 03:29:16,1314045168513945600,@thehill I encourage everyone to donate at least $5 to an abortion fund tonight in honor of the five abortion menti‚Ä¶ https://t.co/chLCAIO4HK,"St Louis, MO"
263,2020-10-08 03:29:15,1314045165003251712,"If basic precautions around Covid-19 were being followed, the #VPdebate as we know it wouldn‚Äôt have happened.

In f‚Ä¶ https://t.co/EdOfnd67E5",
264,2020-10-08 03:29:15,1314045161945460736,@princetonperez #VPDebate Pence is a robot just like Cheney,#BidenHarris2020 #VoteHimOut 
265,2020-10-08 03:29:14,1314045159915638785,Pence like Trump doesn‚Äôt respect time limits or allowing someone to have their time to speak uninterrupted. Am I surprised? No. #VPDebate,"Phila, PA - DMV area"
266,2020-10-08 03:29:14,1314045159571505153,Poor @GloriaBorger. All women know that men don‚Äôt let women get a word in. Come on guys on @CNN. Let her speak!  We‚Ä¶ https://t.co/4B9n4cEHut,"California, USA"
267,2020-10-08 03:29:14,1314045159554727938,"Biden's campaign must have hired Buttigieg's rapid response team, because this was quick! #VPDebate #VPDebates2020‚Ä¶ https://t.co/R4Rj0mQutn",On the other side
268,2020-10-08 03:29:13,1314045155188641792,Did anyone else notice that @RickSantorum interrupted @GloriaBorger while she was making a statement about women al‚Ä¶ https://t.co/nLLlx7dMsW,
269,2020-10-08 03:29:13,1314045155087773696,Watching Pence debate gives me anxiety because I think women all know a man that talks like that and acts all polit‚Ä¶ https://t.co/75VNr7ClhJ,Seattle
270,2020-10-08 03:29:12,1314045152944549888,"@thehill The virus was reported by the national news in January, the public knew about it. 
State Governors didn't‚Ä¶ https://t.co/Xr77j143aq",So. Calif. USA
271,2020-10-08 03:29:12,1314045150298021891,I love how she spoke on trump‚Äôs weird obsession with rolling back everything Obama has done.  #VPDebate,"Philadelphia, PA "
272,2020-10-08 03:29:12,1314045149979303937,@thehill I encourage everyone to donate at least $5 to an abortion fund tonight in honor of the five abortion menti‚Ä¶ https://t.co/njybiCr6rt,"St Louis, MO"
273,2020-10-08 03:29:11,1314045148347670528,"#VPDebate recap: @VP Mike Pence eviscerated the arguments for Joe Biden and Kamala Harris, from the coronavirus to‚Ä¶ https://t.co/PeBKxQZ8qX","Washington, DC"
274,2020-10-08 03:29:11,1314045147571601408,"Gendered? It looked pretty racial to me. Also, racist. ü§∑‚Äç‚ôÄÔ∏è #DEBATES2020 #VPDebate https://t.co/wzCmDXt8EN",In The Village ...
275,2020-10-08 03:29:10,1314045141641031680,"CNN Reporter: What did you think of VP Pence‚Äôs performance? 
Undecided Voter: Uh, shifty 

#VPDebate","Chicago, IL ****"
276,2020-10-08 03:29:09,1314045138079870976,"Let the Memes commence!

#Debates2020 #VPDebate https://t.co/IH0bY1Dy64",Alaska
277,2020-10-08 03:29:09,1314045138021363714,We are gonna get quality Maya Rudolph content on #SNL this weekend #VPDebates2020 #VPDebate,24|she/her|bi/pan/queer
278,2020-10-08 03:29:09,1314045136972574726,Shout out to Ralph Nader and Michael Parenti who radicalized me and gave me hope at a young age only to go through‚Ä¶ https://t.co/PopvFJ4XAi,
279,2020-10-08 03:29:08,1314045133923454977,@thehill I encourage everyone to donate at least $5 to an abortion fund tonight in honor of the five abortion menti‚Ä¶ https://t.co/UxEr0elvHv,"St Louis, MO"
280,2020-10-08 03:29:08,1314045133499719680,"To the @debates: Get better moderators. Being in @rolandsmartin, @RandiRhodes, @Maria_Hinojosa, @mehdirhasan,‚Ä¶ https://t.co/tcEkHtg8yg",California
281,2020-10-08 03:29:08,1314045132593823744,"And yo, Mike Pence(@VP)! For the record, when Swine Flu and Ebola was around there was no out of control pandemic h‚Ä¶ https://t.co/E4Jq9nFgFO","Philadelphia, PA"
282,2020-10-08 03:29:07,1314045132182708225,@nbcsnl #lornemichaels Can you please bring in #jeffgoldblum for the #VPdebate? #TheFly #TheFlyOnPence,New Westminster
283,2020-10-08 03:29:07,1314045132098940929,"@AmericaFirstPAC @KamalaHarris Three F's of @VP 's #VPDebate performance:
‚ùå Fake
‚ùå Failed
‚ùåFLY! https://t.co/MgaeGCziN0",
284,2020-10-08 03:29:07,1314045130244980736,Pence made a friend today #PenceFly #VPDebate,"San Jose, California"
285,2020-10-08 03:29:06,1314045126373773312,"Why didn't Karen Pence have to WEAR A MASK?!? 

AM I TAKING CRAZY PILLS, OR DOES NOONE REALIZE SHE IS A BIOHAZARD L‚Ä¶ https://t.co/uKkyTeH8uP",Twin Cities
286,2020-10-08 03:29:05,1314045123177721857,Lol CNN is literally the Democrat Party spin machine. Too bad more people watch Nick at Nite than their fleabag net‚Ä¶ https://t.co/m3oDxTaOz6,"Washington, DC"
287,2020-10-08 03:29:05,1314045123014152192,@RickSantorum You are embarrassing yourself on defending  Trump‚Äôs Communication and candor on Covid. #CNN #VPDebate‚Ä¶ https://t.co/N2XWvXlOaF,"Florida, USA"
288,2020-10-08 03:29:05,1314045121554452482,"This is very awkward, but can somebody get me in touch with @Mike_Pence‚Äôs peeps, I think I lost my house keys in hi‚Ä¶ https://t.co/VrQkZovkMQ",
289,2020-10-08 03:29:05,1314045119868416001,"Don't blame Mike Pence,  he doesn't know how to let a woman finish first. Poor mother!
#VPDebate 
#KamalaHarris https://t.co/YCBMirqbfB","Massachusetts, USA"
290,2020-10-08 03:29:04,1314045117070741504,@thehill I encourage everyone to donate at least $5 to an abortion fund tonight in honor of the five abortion menti‚Ä¶ https://t.co/YMnqT8fdTu,"St Louis, MO"
291,2020-10-08 03:29:04,1314045115971833856,#VPDebate #Kamala either has a problem holding her head or is too proud to control her cynicism. #disgusting,Missouri
292,2020-10-08 03:29:03,1314045114537238528,Well at least Pence can now start a support group with Dan Quayle. Only now the internet is here to make sure it‚Äôs‚Ä¶ https://t.co/oBGr1nEUsr,Washington State
293,2020-10-08 03:29:03,1314045114352689152,mike ‚Äúball gag‚Äù did great if you are on Charlie Kirk Twitter #VPDebates2020 #vpdebate,out best 
294,2020-10-08 03:29:03,1314045114269007872,Lmao Obama lives RENT FREE in Trump &amp; every supporter of Trumps head all day every day 24/7..it's truly stunning to watch. üòÇüòÇ#VPDebate,Canada
295,2020-10-08 03:29:03,1314045112515780608,@joelpollak @GStephanopoulos UPDATE: The family of Ruth Bader Ginsberg announced her other dying wish was that Vice‚Ä¶ https://t.co/FAcSPcAxan,
296,2020-10-08 03:29:02,1314045110510923777,"@KamalaHarris Dear Kamala, So proud of your #VPDebate!  You showed that you‚Äôre ready to lead with Joe Biden.‚Ä¶ https://t.co/BbavnJhEf9",Blue State
297,2020-10-08 03:29:02,1314045109990719489,"He‚Äôs just a puppet and an accomplice! 
All Trump has done was play politics with people‚Äôs lives. More than 250k+ ha‚Ä¶ https://t.co/cIe7Sz2CF6",United States
298,2020-10-08 03:29:02,1314045109172932609,"""Hey Mike: Go f*ck yourself.""
-The Ghost of Daniel Patrick Moynihan #VPDebate","Pittsburgh, PA"
299,2020-10-08 03:29:02,1314045107537141763,The moderator asked about covid 5X's!!! WTF. And then she says Pence doesnt have time to rebut Kamala! #vpdebate,
300,2020-10-08 03:29:01,1314045104676577280,So what‚Äôs the deal with no closing statements? #VPDebate,"Buffalo, NY"
301,2020-10-08 03:29:00,1314045101878976514,"Currently:_ #BreakingNews - UNDECIDED ARIZONA VOTERS REACT TO PENCE-HARRIS DEBATE 

Via @CNN 

#VPDebate",New York City ‚úà International
302,2020-10-08 03:29:00,1314045100696104967,"This fly was pence's sweaty Nixon moment. 
#pence #fly #pencesfly #VPDebates2020 #vpdebate",
303,2020-10-08 03:29:00,1314045099915919365,the fly right before landing on mike pence‚Äôs head #VPDebate https://t.co/LguBUVrRPB,
304,2020-10-08 03:28:59,1314045098456354817,"‚ÄúKamala was carrying the weight of history with her on that stage and she did it beautifully‚Äù
‚Äî Buttigieg #VPDebate",In The Wonder
305,2020-10-08 03:28:59,1314045095826526209,"Lord, Beelzebub landed on that man's head and whispered to him!! I knew it!! #rebukeSatan #VPDebate https://t.co/fjxOqdrQZA",LA to NYC  
306,2020-10-08 03:28:59,1314045094798872576,"Silly me, I thought that a debate required answering questions. #VPdebate",Los Angeles
307,2020-10-08 03:28:58,1314045094320910338,"‚ÄúMr. Vice President, I‚Äôm speaking...‚Äù was for every woman who has ever been in a meeting with a man in America. #VPDebate","College Park, MD"
308,2020-10-08 03:28:58,1314045094241218560,"If Democrats didn't tank #VPDebate they'd have more than #Flygate.

#MAGA #KAG #Trump #Trump2020 # https://t.co/JO6D5xdsTl",Hearts & Minds
309,2020-10-08 03:28:58,1314045093762879489,So can we pls get proof that that fly isn‚Äôt currently being tortured? @VP #vpdebate,"Santa Monica, CA"
310,2020-10-08 03:28:57,1314045088872435712,@ASimplePatriot Mike Pence had 35 minutes of talk time? How dare he? That‚Äôs misogynistic. He was man-explaining to‚Ä¶ https://t.co/puYrVKHcuh,
311,2020-10-08 03:28:57,1314045087354163208,"I haven‚Äôt seen such a dynamic performance since ‚ÄúPerry Como Still Alive‚Äù #sctv #VPDebate 

https://t.co/SHj0wf9GzK https://t.co/Jtdsv1PXd3",Green Bay
312,2020-10-08 03:28:57,1314045086984892416,@flowermusickids @briebriejoy We told ya @KamalaHarris was a terrible candidate it‚Äôs why she couldn‚Äôt earn one dele‚Ä¶ https://t.co/Jm0TDT66Ip,Dying Earth
313,2020-10-08 03:28:56,1314045085235982337,@thehill I encourage everyone to donate at least $5 to an abortion fund tonight in honor of the five abortion menti‚Ä¶ https://t.co/UF2XuhWhTL,"St Louis, MO"
314,2020-10-08 03:28:56,1314045083985960960,#VPDebate I just have to say Joe Biden &amp; Kamala Harris didn't change the rules to voting @VP &amp; @POTUS's mismanageme‚Ä¶ https://t.co/JEpqe3MUkq,
315,2020-10-08 03:28:56,1314045082836889601,It‚Äôs the eye and the fly for me. #vpdebate,"Berkeley, CA"
316,2020-10-08 03:28:56,1314045082438447104,"Flies always sit on the trash anyway 

#VPDebate",theAstralPlane
317,2020-10-08 03:28:56,1314045082132262918,"In years and years, people will ask questions like how Pence and Trump could lose and the answer will be, it was th‚Ä¶ https://t.co/uUF5pjE6H8",New York/Paris/Meg√©ve/Berlin
318,2020-10-08 03:28:55,1314045081205301250,"Can confirm that as a lifelong Indiana resident, @VP did indeed play politics with the lives of Hoosier LGBTQ+ citi‚Ä¶ https://t.co/c4MDhIP1Ws","Indiana, USA"
319,2020-10-08 03:28:55,1314045080903262208,"Russia spent $3000 on facebook ads, interfering in 2016 election. Pres Obama was notified in the fall &amp; did nothing‚Ä¶ https://t.co/TVh0EHJPMb",People's Republic of Illinois
320,2020-10-08 03:28:55,1314045078223179777,I really can't listen to these undecided voters #VPDebate #CNN,Nowhere near Mannat
321,2020-10-08 03:28:54,1314045077510066176,Weird to see @CNN panel devolve into last week‚Äôs debate after a very civil #vpdebate. Goodnight y‚Äôall.,üá∫üá∏
322,2020-10-08 03:28:54,1314045075765174272,@Acyn i spy with my little eye a housefly on a white guy https://t.co/gaV1vj75PI #vpdebate #debates2020,
323,2020-10-08 03:28:53,1314045072338546692,"Omg I love the @ProjectLincoln. Watching LPTV for the post debate and dying üòÇüòÇ
#vpdebate","at the lake, sc"
324,2020-10-08 03:28:53,1314045069859618816,How can you run as the come back kid when you're the one in office now? ü§î #VPDebate,
325,2020-10-08 03:28:52,1314045068098011138,Bio security norms?????????? #VPDebate,
326,2020-10-08 03:28:52,1314045067158384640,Instagram was made for moments like this. #vpdebate #flywillvote https://t.co/ObXHQi3oBM,
327,2020-10-08 03:28:52,1314045066541817856,Right now @nbcsnl writers room. #VPDebate https://t.co/c3gCWS8ZlK,"Anchorage, AK"
328,2020-10-08 03:28:52,1314045066223198208,Sorry for all the #vpdebate tweets tonight. I forgot that I wasn‚Äôt going to do that this year. üíÅüèª‚Äç‚ôÄÔ∏è,"Kansas City, MO"
329,2020-10-08 03:28:51,1314045064541286401,"What I‚Äôve needed just in time for the last stretch of this election cycle... 

A way to monitor all the cable netwo‚Ä¶ https://t.co/9kkGKCYAEx","Denver, CO"
330,2020-10-08 03:28:51,1314045064524500992,"did the fly win the #vpdebate 

 yes            yes          yes 
 üëá              üëá            üëá",LOUIS TOMLINSON
331,2020-10-08 03:28:51,1314045064260333568,Props to @KamalaHarris for mentioning they will decriminalize Cannabis and expunge all related criminal records #VPDebate,"New Jersey, USA"
332,2020-10-08 03:28:51,1314045063043792896,#VPDebate is what happens when you choose a running mate just because of identity politics and not because of her p‚Ä¶ https://t.co/oNGnJkkZAN,"Phoenix, AZ"
333,2020-10-08 03:28:51,1314045061605158912,"SAY WHAT!!!!! The drug that Trump is pushing is made from unborn fetus! 
Houston we have a problem. #Prolife‚Ä¶ https://t.co/HCakjSU1ul",
334,2020-10-08 03:28:51,1314045061173252097,Was this dingbat watching the same #VPDebate that I was watching? Kamala dodged everything she was asked. üôÑ https://t.co/oZakjcoXvN,"Atlanta, GA"
335,2020-10-08 03:28:50,1314045061001285632,@thehill I encourage everyone to donate at least $5 to an abortion fund tonight in honor of the five abortion menti‚Ä¶ https://t.co/e6Dvw3TriB,"St Louis, MO"
336,2020-10-08 03:28:50,1314045060514635777,Kamala Harris at the debate #VPDebate https://t.co/cEiQae5pCX,L.A.
337,2020-10-08 03:28:50,1314045060502163463,Pretty fly (for a pink eye) üé§üéµüé∂üìªüéß #VPDebate https://t.co/dlVmUCuyAj,
338,2020-10-08 03:28:50,1314045059021578240,@rspellmann The only good questions tonight were the ones @VP was forced to ask himself.  Good job. #vpdebate,Texas
339,2020-10-08 03:28:50,1314045058815938562,"I see him, I smell him, I want him, but I keep running into these damn plexiglass panels! #BidenHarris2020‚Ä¶ https://t.co/qd8LW4izrL",
340,2020-10-08 03:28:49,1314045055129333760,"Trump‚Äôs unhinged bullying last week and Pence‚Äôs patronizing, mansplaining and talking over both @KamalaHarris and‚Ä¶ https://t.co/cQaFGuqrp1","Pittsburgh, PA"
341,2020-10-08 03:28:49,1314045053510119424,"Its clear that manners, honesty &amp; humanity are not included in the Trump GOP‚Äôs set of values. #Debate2020 #vpdebate","Los Angeles, CA"
342,2020-10-08 03:28:49,1314045053082324992,"Hideous hideous hideous, Hilarious #STANfly #VPDebate",West Marin
343,2020-10-08 03:28:48,1314045051735928833,"WITHOUT QUESTION...this fly was on top of his sh*t tonight! üí© 
#FLY2020 #VPDebates2020 #VPDebate  #pinkeyepence‚Ä¶ https://t.co/ULgW1F6AsJ",üåç
344,2020-10-08 03:28:48,1314045049714413569,".@CNN send Rick Santorum home. 
This is ridiculous. 
Interrupting the only woman on the panel while she was talking‚Ä¶ https://t.co/J9A4iYnD2Y",
345,2020-10-08 03:28:47,1314045047088664576,Fits perfectly. #flygate #flywillvote #VPDebate https://t.co/saOGO6Km4J,
346,2020-10-08 03:28:47,1314045046497267714,"I did not have any doubt in casting my vote for Vice President Biden and Senator Harris in this election, but tonig‚Ä¶ https://t.co/jf30JTIAEF",
347,2020-10-08 03:28:47,1314045045469704193,"Despite this, she gave thoughtful answers, was the only one to address the American people in every response, and d‚Ä¶ https://t.co/BQai4B5nS0",
348,2020-10-08 03:28:47,1314045044396097536,@thehill I encourage everyone to donate at least $5 to an abortion fund tonight in honor of the five abortion menti‚Ä¶ https://t.co/Ow6ACWKQ1I,"St Louis, MO"
349,2020-10-08 03:28:46,1314045044299427841,"While on its own small, in the context of the debate it amounts to one uninterrupted direct response to a question‚Ä¶ https://t.co/ldKUgrlZTZ",
350,2020-10-08 03:28:46,1314045043968221184,"The fly wins! Flawless victory!
#VPDebate https://t.co/9MHUQpeyhP",Venezuela üáªüá™
351,2020-10-08 03:28:46,1314045043934625795,"@EnriqueLimon Hi, how are you? Your thread is compiled here: https://t.co/SVXRXOMtsb  #VPDebate #utpol #utdebates",Author? You can opt-out with the keyword ‚Äúpause‚Äù
352,2020-10-08 03:28:46,1314045043246870531,Pence‚Äôs fly only calls for one thing.  This. #VPDebate #GonnaFlyNow #PenceFly #CoronaFlyrus https://t.co/9nlY320N11,"Baltimore, MD"
353,2020-10-08 03:28:46,1314045043225681920,As a result of this - plus the moderator again failing at their ONLY job of maintaining order - Pence got approxima‚Ä¶ https://t.co/S3QesuHxdS,
354,2020-10-08 03:28:46,1314045041627721728,"In tonight's #VPdebate, we saw what too many women, and especially BIPOC women, know as everyday behavior - a white‚Ä¶ https://t.co/6Gev3jyRnH",
355,2020-10-08 03:28:46,1314045041455792130,"That was quick...

#VPDebate https://t.co/2zHzzOjtLp",
356,2020-10-08 03:28:46,1314045041262972928,"@Mikel_Jollett Even through all that, Kamala wiped the floor with Mike Pence. Can‚Äôt wait to call her Madam Vice President! #VPDebate",
357,2020-10-08 03:28:45,1314045039203561474,I‚Äôve got to find a place to quarantine now. #VPDebate #KamalaHarris #mikepenceseye #mikepencesfly https://t.co/cZFBkzBSn0,VP‚Äôs Head 
358,2020-10-08 03:28:45,1314045037047619584,My twitter feed is just gif responses to #TheMaskedSinger and #vpdebate and honestly I have lost track of which is‚Ä¶ https://t.co/KF5BwS7Ni3,"Saskatoon, Saskatchewan"
359,2020-10-08 03:28:43,1314045030936588294,Queen of Petty üë∏üèæ #VPDebate #BlackGirlMagic https://t.co/fh5WniKZ8b,"Louisville, KY"
360,2020-10-08 03:28:43,1314045030689103872,@princetonperez We can tell who did and who didn't watch the #VPDebate based on the comments you're getting lol,South Carolina... üôÑüòïüò≠
361,2020-10-08 03:28:43,1314045029942530048,PERHAPS! #fly #debatefly #VPDebate2020 #VPDebate #Pence #PenceHarrisDebate #Debates2020 https://t.co/9tULaucAM9,
362,2020-10-08 03:28:43,1314045029585956864,@mcbyrne If only someone had used one during the debate...while it was sitting there on Pence's lying head...‚Ä¶ https://t.co/vCOf9YfIFr,"Florida, USA"
363,2020-10-08 03:28:43,1314045028898082817,Fuck ok kinda got lost in twitter again. Time to unpause the #VPDebate https://t.co/D2yWsJYHV9,
364,2020-10-08 03:28:42,1314045027337867264,Your ass should‚Äôve been the mediator üòÇ#Debates2020  #VPDebate https://t.co/7pqlQdps1u,
365,2020-10-08 03:28:42,1314045025945354240,political debates are the whiteboard interviews of software development: they show you how well someone can think o‚Ä¶ https://t.co/HSN3j5n3gg,"Brooklyn, NY"
366,2020-10-08 03:28:42,1314045024317956097,"I‚Äôm sorry...did he say Harris is more liberal than Bernie? üòÇüòÇüòÇüôè Holy fuck if only that were actually true lol
#VPDebate",
367,2020-10-08 03:28:42,1314045023416201216,"Moderator: Will you take the vaccine?

Harris: If Trump tells me to take it?! #DebateNight #VPDebate #CNN https://t.co/iNvmRome2x",
368,2020-10-08 03:28:41,1314045020777918464,"For the one millionth time, Job creation isn‚Äôt going to save us from climate change. #VPDebates2020  #vpdebate","Minnesota, USA"
369,2020-10-08 03:28:41,1314045019452510208,"I think she technically won but I wanted more, to be honest. I know it‚Äôs a fine line to walk but that is why she is on the ticket. #vpdebate","New Orleans, New England"
370,2020-10-08 03:28:41,1314045019410530306,BREAKING NEWS: The Fly On @Mike_Pence Head At #VPDebate Endorses @JoeBiden @KamalaHarris Ticket. #NotMyPresident üö´‚Ä¶ https://t.co/Jspq9rY1he,Go HATE Elsewhere!
371,2020-10-08 03:28:40,1314045018609537025,@thehill I encourage everyone to donate at least $5 to an abortion fund tonight in honor of the five abortion menti‚Ä¶ https://t.co/WRjRPsQ8C1,"St Louis, MO"
372,2020-10-08 03:28:40,1314045017405747203,#VPDebate Biden Lies to Pennsylvania About His Fracking Ban https://t.co/3eFyqRcO4x,
373,2020-10-08 03:28:39,1314045014029348864,@atrupar That's Mom to you pal #VPDebate #VPDebates,
374,2020-10-08 03:28:38,1314045009205878785,"@robreiner Imagine that. @VP looks sick, his pink eye says #COVID19 Him interrupting Sen. Harris says‚Ä¶ https://t.co/1sXJzzv4Vg",
375,2020-10-08 03:28:38,1314045007674970112,EVERY man ever caught in a lie by their girl got this look from them #VPDebate #CNN #KamalaHarris #BidenHarris‚Ä¶ https://t.co/e3j3VktQXk,Baltimore
376,2020-10-08 03:28:38,1314045007465070594,@jziol14 @Tincan989 @dennisaoconnor Had to steal this picture! Fucking awesome! #vpdebate,"Pasadena, CA"
377,2020-10-08 03:28:37,1314045006177599490,"Doesn‚Äôt matter what anyone said, This is all I‚Äôll remember about this debate. #VPDebate #Debates2020 https://t.co/CAYYlgJaVN",United States
378,2020-10-08 03:28:37,1314045004801871873,The Fly: WHY IS IT SPICY? #VPDebate,"New York, NY"
379,2020-10-08 03:28:37,1314045004042694656,This is the sad truth about the #VPDebate #kamalaharrisdestroyed https://t.co/VZ7vWz9BoW,Orlando
380,2020-10-08 03:28:36,1314045001853263872,@thehill I encourage everyone to donate at least $5 to an abortion fund tonight in honor of the five abortion menti‚Ä¶ https://t.co/rmPQ4de9CZ,"St Louis, MO"
381,2020-10-08 03:28:36,1314044999126798337,"Trump isn't in debt. He utilized the same tax laws that we are all entitled to. If he did anything wrong, don't you‚Ä¶ https://t.co/RfQyyZhIAu",
382,2020-10-08 03:28:36,1314044999110144002,"@KamalaHarris was every black and colored women who has been in white spaces forced to listen to lies, witness priv‚Ä¶ https://t.co/yLTTY59zCi","New Jersey, USA"
383,2020-10-08 03:28:36,1314044999042990081,Hey @jack you might wanna flag this one for misinformation. This tweet is the very definition of #FakeNews #VPDebate https://t.co/kitI0fboPU,
384,2020-10-08 03:28:35,1314044997361111040,"My take on the debate is this:

Flies are attracted to shit.
#VPDebate",
385,2020-10-08 03:28:35,1314044997289664512,This. Is. A. #Fact. @KamalaHarris ‚Äúhas to‚Äù let some Pence comments go so that she isn‚Äôt labeled as a stereotypical‚Ä¶ https://t.co/pBjuMhfNHZ,Accidental Angeleno
386,2020-10-08 03:28:35,1314044997268725760,Trump is going to tell us the fly was Antifa #VPDebate,The Bright Side of Life.
387,2020-10-08 03:28:35,1314044996698468352,"I‚Äôve NEVER been polled. Trump is winning every swing state. The polls are as fake as 2016. 

#VPDebate",
388,2020-10-08 03:28:35,1314044994571759617,@kamalaharris @mike_pence What‚Äôs your stance on Turkish / Azeri killings of civilians and verified use of imported‚Ä¶ https://t.co/qPRJuPOat8,
389,2020-10-08 03:28:35,1314044994165059585,My babies blend in perfectly with the dandruff lumps #pencefly #VPDebate,
390,2020-10-08 03:28:34,1314044992197988353,"a few thoughts on #VPDebate:
‚Ä¢ kamala did well and can't see any damaging clips mango mussolini can strip mine
‚Ä¢ pe‚Ä¶ https://t.co/MlGZlcyzDI",
391,2020-10-08 03:28:34,1314044991052935168,Donald Trump Jr calling Charlottesville nonsense...really #VPDebate https://t.co/XQDu5OFITN,
392,2020-10-08 03:28:34,1314044991019323396,anyways goodnight  #VPDebate https://t.co/LMYSkMhMvz,she/her
393,2020-10-08 03:28:34,1314044990771920901,The Fly 2020! #VPDebates2020 #VPDebatefly #vpdebate,Danglestan
394,2020-10-08 03:28:34,1314044990163767297,The #DeBATEFLY stole the #VPDebate and FACT CHECKED MIKE PENCE https://t.co/bm6bR2xx2F,Seattle WA
395,2020-10-08 03:28:33,1314044987563155457,Now we wait for the fly to record a video on the Truman Balcony to prove he‚Äôs OK #VPDebate,Nationwide - Based L.A. & NYC
396,2020-10-08 03:28:33,1314044986489548801,the fact that there was a perfect opportunity to swat pence across the head and no one took it is mind boggling to me. #pencefly #vpdebate,"New York, NY"
397,2020-10-08 03:28:33,1314044985839362048,"I think all future debates should consist solely of questions from eighth graders.

 #VicePresidentialDebate2020‚Ä¶ https://t.co/mq0STTY9a5",
398,2020-10-08 03:28:32,1314044984857944065,@thehill I encourage everyone to donate at least $5 to an abortion fund tonight in honor of the five abortion menti‚Ä¶ https://t.co/0JD8EJIKmv,"St Louis, MO"
399,2020-10-08 03:28:32,1314044983377367042,"@GolfGirl_Love @reneemu62000435 The fly was pointing the winner of the debate... 
Kamala is so toxic, it wasn't saf‚Ä¶ https://t.co/6FtgPPEMaz",God's Country
400,2020-10-08 03:28:31,1314044980902735872,That poor fly üòÇüòÇ #pencefly #VPDebates2020 #vpdebate,Valdoicon
401,2020-10-08 03:28:31,1314044979011084289,I figured it out! I think Mike Pence took that transformation potion from Lovecraft Country. He about to turn back.‚Ä¶ https://t.co/Mj6YRE1VfA,Outer Space
402,2020-10-08 03:28:30,1314044976184135682,BREAKING: Senator Harris said to be in stable condition after being tased by SS for hitting VP Pence on the head se‚Ä¶ https://t.co/AbY1fni4iK,"Alexandria, VA"
403,2020-10-08 03:28:30,1314044975592755200,Pence won the #VPDebates2020 #vpdebate https://t.co/DbCVJzZSns,
404,2020-10-08 03:28:30,1314044975315853312,The #DeBATEFLY stole the #VPDebate and FACT CHECKED MIKE¬†PENCE https://t.co/EAO6pXn9vu https://t.co/lMNYqrXElo,Seattle WA
405,2020-10-08 03:28:30,1314044974745497602,@seanmdav Yup @CNN is squealing at dog whistle level. #VPDebate,USA
406,2020-10-08 03:28:29,1314044971851317250,@RickSantorum is just an absolute moron #vpdebate,Chicago
407,2020-10-08 03:28:29,1314044971448754176,Why is Rick Santorum on TV? #vpdebate #cnn,
408,2020-10-08 03:28:29,1314044971348041729,"#Pence succeeded in gaslighting gig. 

He‚Äôs the calm, slick, cloying, trap-setting, deflecting, pence-‚Äòsplaining, p‚Ä¶ https://t.co/SHCjDWq8eu",Planet Earth
409,2020-10-08 03:28:29,1314044969779433472,@thehill I encourage everyone to donate at least $5 to an abortion fund tonight in honor of the five abortion menti‚Ä¶ https://t.co/YraS8PEZuY,"St Louis, MO"
410,2020-10-08 03:28:28,1314044966377668608,"-i knew pence was all about the lord but i didn‚Äôt know he was the lord of the flies-

#BidenHarrisToSaveAmerica @VP‚Ä¶ https://t.co/MmZJDjZsVq",Los Angeles
411,2020-10-08 03:28:26,1314044959981547520,"Repeatedly ignoring female moderator to gain more speaking time, feeling free to interrupt his female opponent duri‚Ä¶ https://t.co/wmlWVOp6AU",
412,2020-10-08 03:28:26,1314044958383452161,"@JohnCornyn No flies on you, huh John?
https://t.co/2aw72kypsI

#VPDebate 
#Debates2020","Dallas, TX"
413,2020-10-08 03:28:25,1314044954591875074,The fly won the debate!! #vpdebate #vpdebate,"Toronto, Ontario"
414,2020-10-08 03:28:25,1314044953983692800,What do flies symbolize in the bible?  I'm pretty sure flies symbolize evil...  #VPDebate,
415,2020-10-08 03:28:25,1314044953362866178,"üí•DEAL ALERTüí•

Apple AirPods with Charging Case for $129; retail $159

Click Link Belowüëá
https://t.co/mRFrbyVjtI‚Ä¶ https://t.co/rPfkutFsn0",United States
416,2020-10-08 03:28:25,1314044953304145920,@thehill I encourage everyone to donate at least $5 to an abortion fund tonight in honor of the five abortion menti‚Ä¶ https://t.co/z79ruZTnUK,"St Louis, MO"
417,2020-10-08 03:28:25,1314044953136369666,Black Flies Matter! / #vpdebate #pencefly / #BidenHarris üá∫üá∏ 2020 https://t.co/Gc0LsKcdL9,"Los Angeles, CA"
418,2020-10-08 03:28:25,1314044952213688320,Marking myself SAFE from watching the #VPDebate,"Aurora, CO"
419,2020-10-08 03:28:24,1314044951576051715,"When you stumble in at midnight but you said you‚Äôd be home at 9.

 #VPDebate #BidenHarris2020 https://t.co/x8wf96P27l","New Hampshire, USA"
420,2020-10-08 03:28:24,1314044949260886019,"Because of the oil and gas industry, which rules East Texas.  If they came out against fracking, a number of fiscal‚Ä¶ https://t.co/tGBwKtG0sT","Houston, Texas"
421,2020-10-08 03:28:23,1314044947021074432,"full-on vincent price day...
thrillerüßü‚Äç‚ôÇÔ∏è 
edward scissorhands‚úÇÔ∏è 
mr. fly #vpdebate https://t.co/dGhYvAyHEs","Providence, RI"
422,2020-10-08 03:28:23,1314044945666375680,Pence technically spoke longer but the speaking times ended up being the same because Harris had to fight for equal‚Ä¶ https://t.co/592d3PWv2O,NY ‚Ä¢ DC ‚Ä¢ Cambridge
423,2020-10-08 03:28:23,1314044945527865345,I‚Äôm tired of this sexist/misogynistic bullshit. Women can do whatever they fucking want. We don‚Äôt have to be a robo‚Ä¶ https://t.co/kXMuIo9yrP,Michigan
424,2020-10-08 03:28:23,1314044944387059713,"It's a good thing the fly didn't land on Trump last week...it would still be lost in that shock of ""hair,"" and long‚Ä¶ https://t.co/4YkkHKhan2",hemphill ky
425,2020-10-08 03:28:23,1314044944202555393,"BOOOOM!!! @PeteButtigieg just pulled off the most polite firebombing of all time on @foxnews' #VPDebate  warmup. 
https://t.co/S766DwWgvt","Nomad (St Thomas, ON for now)"
426,2020-10-08 03:28:22,1314044943040688128,Anderson going up for HIV+ persons and the fact that they would face persecution in some states for doing the same‚Ä¶ https://t.co/iL5AhU6e6t,kgn | nyc
427,2020-10-08 03:28:22,1314044942562385920,"#VPDebate
Kamala didn't answer the question about packing the court. Pence asked the question not the moderator. He‚Ä¶ https://t.co/bN3gAULdRb",
428,2020-10-08 03:28:22,1314044939534323722,@brijh See you tomorrow on #TheView! We will talk about the #VPDebate &amp; #TheFly on the VP's head.,"Perris,California"
429,2020-10-08 03:28:20,1314044934031319043,And all of Twitter say there‚Äôs a pretty fly on a white guy #VPDebate https://t.co/FUdohbORlj,
430,2020-10-08 03:28:20,1314044933771194368,"@KarenPence 

Your POS husband failed tonight. Because he‚Äôs a liar. A flaccid, ineffectual liar. 

#VPDebate","Los Angeles, CA"
431,2020-10-08 03:28:20,1314044933561618432,Clear cut victory for Pence. #VPDebate,In the trees.
432,2020-10-08 03:28:20,1314044932156465156,@thehill I encourage everyone to donate at least $5 to an abortion fund tonight in honor of the five abortion menti‚Ä¶ https://t.co/Jw3rvXcFME,"St Louis, MO"
433,2020-10-08 03:28:20,1314044931577708549,This is an actual product from https://t.co/af2vQxJiOQ! #TheFly #VPDebate #VPDebate2020 #TheFlies #Flies #MikePence‚Ä¶ https://t.co/544b2Em1ZV,
434,2020-10-08 03:28:19,1314044929367252992,"Love to see male pundits waxing about what women do and don‚Äôt like 
#vpdebate",
435,2020-10-08 03:28:18,1314044926628294656,Was ‚Äúthe fly‚Äù part of the VP debate prep? Asking for a friend #vpdebate,Paradise
436,2020-10-08 03:28:18,1314044926519373825,"I hope #BlackAmerica was watching the #VPDebate tonight.

@SenKamalaHarris has been prosecuting Blacks by the thous‚Ä¶ https://t.co/RTxBQOQuTO","Florida, USA"
437,2020-10-08 03:28:18,1314044923147177984,"#VPDebates2020 #FLY2020 #Debates2020 #vpdebate 

Miley Cyrus - Fly On The Wall https://t.co/CpkF8KYz2P via @YouTube",
438,2020-10-08 03:28:17,1314044922140528640,"@KamalaHarris Thanks for not letting Pence get through with any of his lies. 
#VPDebate #Debates2020","New York, NY"
439,2020-10-08 03:28:16,1314044918260662272,My gosh! It is no wonder Democratic women feel like women are repressed. Democratic men are always there giving the‚Ä¶ https://t.co/0IWX3N5p2O,God's Country
440,2020-10-08 03:28:16,1314044915387686915,@thehill I encourage everyone to donate at least $5 to an abortion fund tonight in honor of the five abortion menti‚Ä¶ https://t.co/DGGgr7FlkP,"St Louis, MO"
441,2020-10-08 03:28:16,1314044914678857729,"Trump staff falling apart 
#vpdebate #vote #covid19  https://t.co/l6Yk0sRTA3","Virginia, USA"
442,2020-10-08 03:28:16,1314044914561421312,"You tell me if Twitter is being sneaky or not - you type ‚Äúpacking the court‚Äù (Pence‚Äôs phrase) in search, Twitter au‚Ä¶ https://t.co/VGn7VDEctw",
443,2020-10-08 03:28:15,1314044911260512256,@KamalaHarris You were absolutely awful tonight. #VPDebate,"West Virginia, USA"
444,2020-10-08 03:28:15,1314044910350356487,I don't like #Pence &amp; given his stance on LGBT people he wouldn't like me but I'm not gonna slag him because a fly‚Ä¶ https://t.co/4CUtpAu87c,Cork
445,2020-10-08 03:28:14,1314044908878135302,"@Acosta Two takeaways from #VPDebate :

1. Mike Pence can‚Äôt hide those lying eyes üëÄ 
2. Flies are always attracted to üí©","Long Island, NY"
446,2020-10-08 03:28:14,1314044907976159238,"No one:
#mikepencesfly at the #vpdebate: https://t.co/yljctxuztd",
447,2020-10-08 03:28:14,1314044907494027264,@Liz_Wheeler Pence #VPDebate,
448,2020-10-08 03:28:14,1314044907288358912,My GOP Never Trump friend texted me completely thrilled with @KamalaHarris at #VPDebate  70+ woman. A very good sign. Voting Biden.,
449,2020-10-08 03:28:14,1314044906864873472,@kayleighmcenany @Mike_Pence The fly won the #VPDebate,"Lowell, MA"
450,2020-10-08 03:28:14,1314044906776616960,"Joe Biden is trolling Pence! Goodnight!  üòÇüòÇüòÇüòÇ 
Sen. Kamala Harris for the win!
#VPDebate #BidenHarris2020 #VOTE https://t.co/6tBH77vaiX",Los Angeles
451,2020-10-08 03:28:13,1314044903861686273,"@owillis @FrankLuntz Before the debate,  @FrankLuntz shared a warning for Kamala Harris not to appear too ‚Äúangry.‚Äù‚Ä¶ https://t.co/IlYFhfHGgG","pennington, nj"
452,2020-10-08 03:28:13,1314044902448214016,Pence forgot to mention how much he cherishes wearing human skin as a negligee. #vpdebate,"Los Angeles, CA"
453,2020-10-08 03:28:12,1314044899919093762,"‚ÄúIn America, we believe in a free and open exchange of debate. And we celebrate that. ‚Äú

VP Pence really nailed tha‚Ä¶ https://t.co/DdzcQNqag4","Philadelphia, PA"
454,2020-10-08 03:28:12,1314044899566579713,The internet always wins. #VPDebate https://t.co/GB8Ehct17P,"Los Angeles, CA"
455,2020-10-08 03:28:12,1314044899457630209,@thehill @KamalaHarris I encourage everyone to donate at least $5 to an abortion fund tonight in honor of the five‚Ä¶ https://t.co/8EDCzUnSPy,"St Louis, MO"
456,2020-10-08 03:28:12,1314044898115379200,"When Mike Pence interrupted Kamala Harris throughout #VPdebate, she would respond, ""I'm speaking.""

@majorcbs says,‚Ä¶ https://t.co/W2FURIZl9J","New York, NY"
457,2020-10-08 03:28:10,1314044893317271553,Who won the #VPDebate?,Philly
458,2020-10-08 03:28:10,1314044892541153281,"Did someone hack Siri and Wikipedia?

Why are both showing Mike Pence as Mike Pencil???

Who is #MikePencil?‚Ä¶ https://t.co/rUrneWH6jm",Dallas
459,2020-10-08 03:28:10,1314044891563995136,"Here's a little 'Post-Apocalyptic' Doo-Wop ditty by @Jesse_Jett to round out your evening.

You're welcome. ;)

Sho‚Ä¶ https://t.co/juhe7wksPg",SickSadWorld
460,2020-10-08 03:28:09,1314044887294185474,"Candidates spoke for almost the same amount of time in tonight‚Äôs #VPdebate 
Pence: 36:27 
Harris: 36:24 https://t.co/aZYhUGlJG8","Urbana, IL"
461,2020-10-08 03:28:09,1314044886769897472,A whole mood. | https://t.co/8yLOmOvYXv via @giphy #VPDebate,"Nashville, Tennessee"
462,2020-10-08 03:28:08,1314044884903497728,#VPdebate #debates2020 A fly decided an election by marking the losing party #USA,planet earth
463,2020-10-08 03:28:08,1314044884500787200,@thehill I encourage everyone to donate at least $5 to an abortion fund tonight in honor of the five abortion menti‚Ä¶ https://t.co/WRNMh6QPoj,"St Louis, MO"
464,2020-10-08 03:28:08,1314044881833201664,"Let‚Äôs also note for the record: Kamala reassured America of her RADICAL stance on cashless bail tonight. 

Anyone w‚Ä¶ https://t.co/zhdMmYCyeM","Queens, NY"
465,2020-10-08 03:28:07,1314044880415490053,#VPDebates2020 #VPDebate the winner of the debate is clearly Mike Wallace.,Florida
466,2020-10-08 03:28:07,1314044879673098240,"Pence campaign mocked Sen. Harris for wanting plexiglass. 

Pence came to #VPDebate¬†w/Pink Eye, and obviously some‚Ä¶ https://t.co/9YnqS5kj2o",Under the Yum Yum Tree
467,2020-10-08 03:28:07,1314044878947524608,Hey now! What about Sexy Fly? #fly #debatefly #VPDebate2020 #VPDebate #Pence #PenceHarrisDebate #Debates2020 https://t.co/5zP5UvuLtb,
468,2020-10-08 03:28:07,1314044878054023169,"Swats away flies and lies.

#VPDebate

Get yours today:

https://t.co/0t1GBsJFpJ https://t.co/RYgiiOf7iB","Sag/Aftra! Culver City, Ca ;-)"
469,2020-10-08 03:28:07,1314044877806723073,"Me, every time Kamala spoke. #vpdebate #bidenharris2020 #KamalaHarris https://t.co/LdOCOfZoZe",Somewhere in WI
470,2020-10-08 03:28:07,1314044877378912257,The Fly has tested positive for Consortvirus  #msnbc #VicePresidentialDebate2020  #VPDebate https://t.co/LCJID3cSMZ,"Atlanta, GA"
471,2020-10-08 03:28:07,1314044877055827968,If there was ever a better time for Tupac to come back and reveal he‚Äôs been here all along...it‚Äôs tonight.‚Ä¶ https://t.co/U6jPnol6fE,"Las Vegas, NV"
472,2020-10-08 03:28:07,1314044876984446976,#VPDebate  https://t.co/cH4MAKIobS I have written a poem for my mother. Please see it once.,
473,2020-10-08 03:28:06,1314044874216271872,"Pence's own wife didn‚Äôt wear a mask tonight when she was on the stage #VPdebate 

Hope no one catches pink eye from‚Ä¶ https://t.co/V6QvisZzTE","Washington, USA"
474,2020-10-08 03:28:06,1314044873180315653,Every ??? applied to Race  VP ducked dodged them...and Its a shame!! #VPDebate,"Richmond, TX"
475,2020-10-08 03:28:05,1314044872291221505,"Anderson Cooper getting after Rick Santorum about the dangers of spreading COVID-19 and AIDS, and the hypocritical‚Ä¶ https://t.co/P71igQ1EL7","Austin, TX"
476,2020-10-08 03:28:05,1314044871913676800,@realDonaldTrump @Mike_Pence Is the winner determined by having pink eye and a fly on your head? #Debates2020 #vpdebate,the fort.
477,2020-10-08 03:28:05,1314044869560606720,"Righty is a comorbitity, in my opinion.
#VPDebates2020 #VPdebate #VPdebates #pinkeyepence #pinkeye",
478,2020-10-08 03:28:04,1314044867643879426,@thehill @VP I encourage everyone to donate at least $5 to an abortion fund tonight in honor of the five abortion m‚Ä¶ https://t.co/GvDR8iANob,"St Louis, MO"
479,2020-10-08 03:28:04,1314044867165724674,I never in my life thought I would enjoy politics so much @CNN #CNN #VPDebate,"Florida, USA"
480,2020-10-08 03:28:04,1314044866612129792,"Who??? Life or Death Warmed Over? Choose wisely!
#VPDebate #BidenHarrisToSaveAmerica https://t.co/d0M2e6H91t",
481,2020-10-08 03:28:04,1314044865089503232,"Kamala Harris: ""Last week, the President of the United States took a debate stage in front of 70m Americans and ref‚Ä¶ https://t.co/FRuGE0QxGo","Doha, Qatar"
482,2020-10-08 03:28:03,1314044863684513792,And the #Verzuz winner for tonight is the #fly a truth-slinger and fact checker! #VPDebatefly #VPDebates2020 #VPDebate,am where the action is
483,2020-10-08 03:28:03,1314044862816292868,"@KamalaHarris You did a PHENOMENAL JOB !!! üëë
#BIDENHARRIS2020 
#MVPHARRIS
#VPDEBATE
#KAMALAWONTHEDEBATE","BRONX, NEWYORK"
484,2020-10-08 03:28:03,1314044861520240640,"I will admit, both potential VP nominees were MUCH MORE respectable in debate. Although moderator @SusanPage, clear‚Ä¶ https://t.co/JrMtv0MsfU","Nashville, TN"
485,2020-10-08 03:28:02,1314044859548917767,The Fly just got a book deal fr #VPDebate https://t.co/rl7FSS1ZjZ,Chicago USA
486,2020-10-08 03:28:02,1314044857850224641,Debate Night with @NuYoMujerista...@realDonaldTrump I need your help! üò≠üò≠üò≠üò≠ #vpdebate https://t.co/ZrF34WDUI8,"Bronx, NY"
487,2020-10-08 03:28:01,1314044854750646272,The average house fly lives 15-30 days. The fly on Pence's head was there for 2 minutes and 3 seconds. That's a lar‚Ä¶ https://t.co/2nEPK5fCt3,"Here, wherever that may be"
488,2020-10-08 03:28:01,1314044854046019593,Only thing worse than being labeled an angry woman is being labeled an angry BLACK woman. #VPDebate https://t.co/dj1ihHQiUL,"Washington, DC"
489,2020-10-08 03:28:01,1314044853710401536,I think it is safe to say that Kamala Harris is the Sarah Palin of the Democratic party #VPDebate,
490,2020-10-08 03:28:01,1314044851411968000,"Vote for the fly who landed in Mike Pence's hair! He truly stands for this country's values.
#vpdebate #mikepence‚Ä¶ https://t.co/10zZRUgvvK",
491,2020-10-08 03:28:00,1314044850975760384,Kamalaüó£‚ÄúI‚Äôm speaking‚Äù Translation- ‚ÄúYou will not treat me like ‚Äòwoman know your place‚Äô or ‚Äòspeak when spoken to‚Äô...‚Ä¶ https://t.co/WAHciymElC,United States
492,2020-10-08 03:28:00,1314044848228401153,"What did you think of the discussion on a possible COVID-19 vaccine? #VPDebate

FULL STORY: https://t.co/vTHgRiHx5L https://t.co/00RbAU35KS","San Diego, CA"
493,2020-10-08 03:28:00,1314044847548850176,"God love @David Axelrod. Someone get him to a @LensCrafters
#VPDebates2020 #VPDebate #newglasses https://t.co/4ELK0UBFpo","San Francisco, CA"
494,2020-10-08 03:27:59,1314044844625612800,VP Mike Pence just said on national TV that ‚Äúsystemic racism‚Äù isn‚Äôt real but folks on Facebook want me to believe t‚Ä¶ https://t.co/uVTvtjc5KI,Los Angeles CA
495,2020-10-08 03:27:59,1314044843316961281,@Knickfan4evr I think the fly stole the #vpdebate ... #pencefly ... #pencefly2020,
496,2020-10-08 03:27:58,1314044842880561152,"Best #fly lines from songs, poems, movies, novels, etc. #vpdebate #vodebatetakes",Idaho
497,2020-10-08 03:27:58,1314044842725511168,Mike Pence's fly was NOT down in #vpdebate it was on his freaking head .... lol,
498,2020-10-08 03:27:58,1314044841937055745,"According to a friend of mine that was actually personally timing them both, Susan was letting Harris go over 8 sec‚Ä¶ https://t.co/dsfekut692","Florida, USA"
499,2020-10-08 03:27:57,1314044838501908480,"I absolutely LOVE how @joebiden‚Äôs social media is being ran!!! It‚Äôs always timely, relevant, funny (when needed), a‚Ä¶ https://t.co/AyMc4xulKN",USA
